"","Lon","Lat","2020-03-01 05:00:00","2020-03-01 06:00:00","2020-03-01 07:00:00","2020-03-01 08:00:00","2020-03-01 09:00:00","2020-03-01 10:00:00","2020-03-01 11:00:00","2020-03-01 12:00:00","2020-03-01 13:00:00","2020-03-01 14:00:00","2020-03-01 15:00:00","2020-03-01 16:00:00","2020-03-01 17:00:00","2020-03-01 18:00:00","2020-03-01 19:00:00","2020-03-01 20:00:00","2020-03-01 21:00:00","2020-03-01 22:00:00","2020-03-01 23:00:00","2020-03-02 00:00:00","2020-03-02 01:00:00","2020-03-02 02:00:00","2020-03-02 03:00:00","2020-03-02 04:00:00","2020-03-02 05:00:00","2020-03-02 06:00:00","2020-03-02 07:00:00","2020-03-02 08:00:00","2020-03-02 09:00:00","2020-03-02 10:00:00","2020-03-02 11:00:00","2020-03-02 12:00:00","2020-03-02 13:00:00","2020-03-02 14:00:00","2020-03-02 15:00:00","2020-03-02 16:00:00","2020-03-02 17:00:00","2020-03-02 18:00:00","2020-03-02 19:00:00","2020-03-02 20:00:00","2020-03-02 21:00:00","2020-03-02 22:00:00","2020-03-02 23:00:00","2020-03-03 00:00:00","2020-03-03 01:00:00","2020-03-03 02:00:00","2020-03-03 03:00:00","2020-03-03 04:00:00","2020-03-03 05:00:00","2020-03-03 06:00:00","2020-03-03 07:00:00","2020-03-03 08:00:00","2020-03-03 09:00:00","2020-03-03 10:00:00","2020-03-03 11:00:00","2020-03-03 12:00:00","2020-03-03 13:00:00","2020-03-03 14:00:00","2020-03-03 15:00:00","2020-03-03 16:00:00","2020-03-03 17:00:00","2020-03-03 18:00:00","2020-03-03 19:00:00","2020-03-03 20:00:00","2020-03-03 21:00:00","2020-03-03 22:00:00","2020-03-03 23:00:00"
"1",-84.032691,35.065153,6.63948933413102,6.77272912786715,6.77680643205865,NA,NA,NA,NA,NA,NA,NA,6.87122510943582,6.86479805239704,5.96730139560263,NA,6.7556474740396,6.72877390917079,7.21835753279057,8.04186960573456,10.3912978074312,9.54550319994115,8.40632421476397,9.14384261760524,8.99153110123902,9.22032938530391,9.48121505042035,10.8416703844272,12.645942340891,11.4462852072722,12.0195956841638,14.4015407619211,16.730238663467,18.3277470890913,19.1221779300674,18.1383319308347,16.7841673173051,16.3843428880772,15.3966499764285,14.1816712607782,11.2608092635748,12.0600964321314,11.511293025269,10.3819085413446,8.93365893716215,7.95049435236028,6.03047719859257,4.70613295969578,4.41319055451694,4.53783861621171,4.22872966437204,4.4939849549867,4.2325397286472,4.56197256116433,5.3300909463843,5.21629179905786,4.88649217500763,NA,5.1835264941237,4.69964604217636,6.51337977670126,6.30523266329868,5.57582924090022,4.66005501577138,5.39549924507985,NA,NA,NA,2.35234069209968
"2",-83.727539,35.085938,4.85508486567849,4.92723542866747,5.34672190912965,4.99459456299443,4.76936134168341,5.41993179728008,4.63695888392729,4.24152702934143,3.89212669923124,4.37229314797196,3.79767698609588,3.6756007296258,3.84981124701274,3.57269560072706,4.18483089439735,4.83575903867112,5.90107302408027,6.30685338154319,6.8058528217403,6.81377076800015,7.08594938904376,7.45200769035503,7.10465580483438,7.97222762333333,7.85521365238175,8.15619734172183,9.87629019034871,9.87639394326252,8.22228214280232,7.99728629436328,8.18930111903431,9.58334584251125,11.322744232896,13.2214269221079,14.8028878112839,13.6600143446917,14.3394607218711,13.39771019153,12.5429243504258,11.2755448446911,8.87888377080511,7.85134139019829,7.21940837656867,6.84997926688713,6.33321727959259,4.22822486199585,4.89083581877875,5.3857837469236,5.86610055761473,4.16029853779652,4.44451559097581,3.88193993028596,4.04561544545347,3.50753425090174,3.76039821684452,4.19138018381965,4.00727289695977,3.17332880076538,3.29529509717,3.36757365732243,3.58414765746214,4.35232732466041,6.62606995724643,NA,NA,NA,2.46164631078061
"3",-83.629564,35.376694,4.39947564974782,4.47556492172829,4.58630161323459,4.42833424498136,4.18963227354306,4.48772384877003,4.33542280404846,3.98891375091062,3.82856663637384,3.59405057089076,3.60587393174548,4.28459571280968,4.20812710860092,4.07501802863166,4.9912229174834,5.30144401067276,5.58661734684853,5.73303977655686,6.12000589041021,6.05109335297409,6.03974680691388,5.91575520465148,6.38944249091401,6.27831683267553,6.12334721091189,7.79761591449881,10.1767233054167,8.13786010249464,8.7147982192242,7.24947653252216,7.95880598781032,8.3669938895506,9.17593056742042,9.77251742074421,10.3169407936597,10.692210248716,13.325707273888,21.9434791717406,20.4766164962327,16.7030600314151,15.5603466876692,15.7542365826395,13.1419118933225,11.2051017268978,10.5496570330146,12.5166043292163,13.6568322311062,13.4103368832193,11.4768244764362,11.6011864871719,12.1223821617423,12.6877356487908,12.3686777588429,12.3999883751439,12.5441251137826,9.23932520061667,7.59587575198646,6.22721482934442,5.3199538545349,4.828222278022,4.53026225370265,4.62346329933886,3.41355721445978,NA,NA,2.10351812816505,NA
"4",-83.188733,35.053735,5.42348458771588,5.40172967829798,5.52635479084887,5.72965216299838,5.67421458284119,5.42130465541468,5.20028720710325,5.37283565642133,5.15974384621501,5.05461477402136,NA,NA,NA,5.02822966116446,NA,5.21423691012613,6.06488771880471,6.45263066060456,7.38754965709219,6.90034571656002,6.16602765399006,6.96012305517108,20.9273977669336,13.4738749760588,14.205200204185,59.9194717316136,46.73398674898,12.1702612269006,12.5352371907105,15.0085214320528,16.7583330346452,15.380978992409,NA,NA,NA,NA,NA,8.93291218144117,9.23180553961311,10.707888482209,10.6488379983516,7.83752104264057,4.29107991372567,4.14755988018721,4.18944796964315,3.99057872517078,2.90656587893741,NA,2.39792301018678,2.78677188618468,2.97094459312395,2.87861708405566,3.22269842357162,3.80934745798463,3.67045388141204,2.94135040896963,3.16896053356886,3.37716485404462,4.27553155685873,4.5165519926023,4.59795333727651,3.3231625039249,2.98487903884821,NA,NA,NA,3.61947429597634
"5",-82.874983,35.201137,5.52457436012046,5.46351014756774,6.02016756530418,6.01794380376575,5.70394671464264,5.52210986155375,5.31203253982926,5.27125878716548,5.43901302802215,5.2498498523833,4.86953077889559,4.88607038743712,4.67550862226881,4.89782968651415,5.36821062095313,5.88920156949533,5.87334337538463,6.33187256661817,6.08739631743735,6.07047181706877,13.4668407220317,30.7640863154832,15.894121363284,10.3376261114526,8.69780992545506,8.82511059614444,9.16628953949053,9.71119037475337,11.3438271096032,15.5756691856307,18.1675802035493,18.4534204076061,16.8284866109312,14.394107322301,14.0610489189965,14.1808687038885,13.8523727589681,9.83568820088963,9.510691061503,9.64438672674434,11.0482572400161,11.9924007680847,9.20869374010807,7.30328766084149,4.37150493245082,4.69554288264969,4.31006765801741,3.11344098092791,1.93549604490835,2.43492444705291,3.92110668970755,3.66445845162884,3.24360778400329,3.55676824789523,4.02067422115307,3.35777378605879,2.50638105491586,2.91512017848107,2.86602548743642,3.63344157813223,4.74709314850597,4.21612654654079,3.23221406254678,2.88046584105476,NA,NA,2.59683383715862
"6",-82.687333,35.28551,6.95883191673641,6.79536461814536,6.92740105831318,6.66242005190725,6.74267021164852,6.95743527231718,7.36813026995159,6.04908071420342,5.35550718480578,5.24874203872257,5.19061991347586,5.19766716616312,5.16577119649983,5.46720992020436,6.67708316865183,6.51970154852993,6.11825726938479,NA,6.62218589630319,6.7307864847455,7.41681933106105,16.2643389412705,34.9285539998852,27.0484613384689,21.6808682927076,15.2604407553576,16.7836765403178,14.1734002955903,13.030966021707,11.0035607464082,11.0582542718546,15.3014825850785,17.3276141746836,16.5848561635204,14.3264866340484,13.3198986750203,13.5676565894033,13.5503228265661,12.5605299492454,NA,11.4559939927091,12.4097140445583,13.5675305980944,12.8413798109946,10.3728363143726,9.03419788251085,9.30079441114499,8.87588111226964,8.94308710484681,7.93559580540235,6.64095370487074,4.56235868490118,5.23252564526076,4.31545336379677,5.09522735837592,5.75147547945816,3.7209831549413,3.46189466254551,3.90994451074321,4.13803700973572,4.56725664627639,4.0512526126896,2.67296310435434,NA,NA,NA,NA
"7",-82.56709,35.60681,6.956111,7.208217,7.521165,7.207429,7.06671,8.717784,9.390985,9.948166,10.81311,8.979221,12.51405,10.05776,11.47314,13.5402,12.30079,8.500269,7.584446,6.85906,6.199405,6.806248,6.823526,6.535636,6.757138,10.9122,25.45918,22.12214,15.17927,11.90791,10.64362,10.90394,12.21931,15.06178,17.58169,18.85635,17.30194,15.33428,15.18584,16.49384,12.51747,10.87093,10.35642,10.59119,11.34765,10.88744,8.380629,6.337602,5.703318,6.54206,9.982907,7.160988,5.463527,5.35403,6.024841,5.252469,5.645109,6.46666,8.325294,5.684371,4.082942,4.131963,3.006885,2.254745,2.460857,2.212557,2.223128,2.637563,3.452454
"8",-82.56239,35.20294,5.19715,5.152439,5.086582,4.975105,4.73515,4.510654,4.793571,4.632163,4.436162,4.100154,3.908454,4.030286,4.014882,3.681794,4.96588,5.525725,5.494014,5.730295,6.129109,6.286353,6.53747,7.702691,26.41707,20.17047,14.07771,8.458798,8.172058,9.079627,10.409,10.60211,11.71162,13.45887,11.82306,12.16889,11.05067,12.61097,10.57707,8.53928,8.838078,9.508197,11.0151,11.70616,8.911701,7.778939,6.26392,5.142065,4.735932,4.450245,3.457489,4.085173,4.087687,3.898351,3.603011,3.896936,3.778211,3.775123,3.272171,3.538488,3.694029,4.399509,4.552409,4.423896,3.026277,NA,NA,NA,1.938643
"9",-82.55147,35.48332,6.282536,6.612448,6.851902,7.003664,7.516831,7.281467,6.862532,6.166441,7.144723,8.980997,9.181675,8.684206,9.459252,12.26686,10.23099,8.492257,6.586899,6.029371,5.881314,5.834218,6.10369,6.808395,6.958191,17.03313,22.59189,17.69927,11.8574,10.165,10.10893,10.64729,12.53261,16.17873,17.37604,16.44263,14.65437,13.2677,12.74588,12.74601,11.83511,9.929865,9.549206,10.32621,11.22576,10.04009,8.392539,6.199065,5.514108,6.640046,6.172307,4.801505,4.273118,4.208818,3.818404,3.954727,4.366198,4.472115,4.668163,3.622138,3.461844,3.297628,3.742376,2.681362,2.569781,NA,1.989082,NA,2.33154
"10",-82.52081,35.64941,6.255809,6.83241,7.246252,6.834654,6.559132,6.408695,5.878543,6.540434,6.796028,7.277497,6.721741,6.04098,5.534027,5.649182,6.575788,6.984909,6.808548,6.671992,6.314919,6.597984,6.988415,6.922806,6.851375,7.778324,16.8576,18.98628,15.65556,12.68391,11.50545,11.70996,13.16637,15.27858,17.51415,19.00938,17.81083,16.70022,15.08872,13.25326,11.46145,10.97678,10.30481,10.17132,11.09757,10.38748,7.552752,5.640061,5.237906,4.861831,5.096989,4.726649,4.325139,3.841907,3.73261,3.522423,3.454363,3.488176,4.283749,4.05882,3.787902,4.052536,NA,NA,NA,NA,NA,NA,NA
"11",-82.46072,35.31583,5.826206,5.792562,7.057352,6.919418,6.592543,6.213563,6.128335,6.252937,6.085977,7.086503,5.909045,6.200249,6.692036,7.025668,7.423759,7.17092,8.094224,7.759954,7.851427,7.880798,8.248174,7.401452,9.242945,23.87064,17.09753,14.08009,11.53887,16.09775,12.87724,12.46407,11.20926,11.59925,12.17657,12.19098,12.14517,13.80256,11.71452,9.173555,8.578841,8.29565,9.71062,10.74225,9.77395,6.593314,5.307847,4.535768,4.593167,5.463806,5.036782,5.527373,3.91221,3.753505,3.779688,4.345016,4.858936,5.803027,5.320337,3.749739,3.182451,3.418986,4.697932,3.56064,2.534272,2.372482,2.361613,3.631509,6.292239
"12",-82.34692,35.87184,5.004543,5.28521,5.570613,5.456477,5.387992,5.179453,4.8791,5.011679,5.032121,4.93699,NA,NA,NA,NA,NA,NA,NA,5.210173,5.49007,6.167603,6.508008,6.380826,6.458309,6.148747,5.971167,7.752355,17.68228,14.04624,10.90963,10.18562,10.50888,13.28369,15.5167,16.12796,16.92372,21.43767,17.54166,13.43955,8.765943,5.648263,4.897777,6.263997,6.262484,5.35294,3.500984,2.796199,2.56117,2.352553,NA,2.207505,2.48544,2.812312,2.976364,3.046768,3.749217,4.269519,3.993966,3.168007,3.309628,3.18454,NA,NA,NA,NA,NA,NA,NA
"13",-81.27348,36.24867,4.310503,4.159408,4.042482,4.033584,3.913536,3.860115,3.823166,4.99656,6.040127,5.302178,4.864596,5.030049,7.16672,5.860414,4.651807,5.641698,5.886917,6.215854,6.339685,6.403167,6.456858,5.938853,5.156902,5.354822,11.00523,10.37845,20.05866,7.041143,9.524688,13.6276,12.13802,7.874109,7.720208,8.011583,8.460729,10.1207,10.99551,12.83712,14.01377,12.39848,11.93789,11.60921,11.02556,11.39013,12.32184,11.48026,9.838543,8.208883,7.182637,7.289849,12.0447,13.00346,11.53389,10.13875,10.63955,9.668493,9.405865,7.570626,7.084047,7.042936,7.031121,7.013581,7.287365,6.511307,5.544221,2.988738,2.596737
"14",-81.168,35.93038,6.260773,6.72105,9.867254,7.309476,9.897022,11.36423,7.469735,7.217711,6.596983,7.272469,8.337491,9.243044,7.423807,7.670166,8.3806,9.109167,8.57702,7.881486,6.804229,6.862471,7.171416,7.118001,7.685806,8.841718,7.709808,7.660649,9.763665,9.112398,8.965414,8.839582,9.269758,10.22784,9.979223,10.26256,11.72286,12.86598,13.44116,NA,NA,NA,NA,NA,NA,NA,NA,NA,NA,NA,NA,NA,NA,NA,NA,NA,NA,NA,NA,NA,NA,NA,NA,NA,NA,NA,NA,NA,NA
"15",-81.09334,35.28501,8.648365,8.286322,7.380466,7.411062,6.655034,5.919207,6.258701,6.60519,7.236282,7.797502,8.348317,8.745315,10.43065,11.61534,8.108213,7.511406,7.744947,7.881898,7.085317,6.760379,6.70719,6.999154,7.406019,7.015173,9.256624,17.32955,8.128381,10.16959,9.182305,9.456134,9.458309,9.515707,9.921812,10.46588,10.77957,10.34933,10.39017,10.00656,10.34261,11.02051,13.20173,12.08389,11.02627,14.03309,10.68212,9.224863,8.472784,8.40338,9.07098,8.897903,8.845708,8.98671,9.361215,10.10743,10.92197,11.42286,12.51002,12.2697,10.36304,9.868634,9.385851,10.85229,8.448716,4.222921,2.99992,2.581349,2.621194
"16",-81.03457,35.52752,5.632501,9.816243,8.32346,6.59357,7.271414,8.637585,10.77755,6.575607,6.022557,6.737987,7.91856,7.846554,7.884573,8.35216,7.864602,7.139064,7.078652,6.970436,6.828227,6.919839,6.957799,6.727312,6.873684,7.743441,8.301264,10.2097,10.75997,9.830263,9.900798,9.610461,9.53019,10.27648,11.16296,10.95723,11.11827,10.25023,9.980509,9.438397,9.701134,10.42943,10.42953,10.03818,9.115059,9.51874,9.190212,8.499008,7.616892,6.682342,6.383127,7.579379,8.223002,8.266879,8.452653,8.441362,8.889048,8.59738,8.718331,18.3524,10.78466,9.778666,8.872771,7.474886,NA,NA,2.694882,2.496776,2.045737
"17",-80.88912,35.80326,5.878373,5.737801,8.389471,7.432418,11.0165,12.34525,8.123873,8.747641,8.812943,10.44729,12.66774,10.63136,10.75893,11.33665,8.855542,8.091153,7.349267,7.300929,6.857574,6.68986,13.45068,7.310452,7.112109,10.27436,13.31277,9.557423,8.914778,9.500881,10.19373,10.70405,11.09845,11.25455,13.14374,12.81516,12.20549,11.89691,12.06722,12.03054,11.69983,12.80376,12.49698,11.54601,9.963841,9.466889,9.718524,9.371864,8.857831,7.855345,7.307935,7.258519,7.665861,8.720422,9.604532,10.11043,10.32544,10.45773,10.87953,10.88712,10.83524,12.21649,10.89909,7.587,6.087063,5.841794,4.679025,4.059306,3.319618
"18",-80.855,35.379,6.700365,6.476497,7.455042,7.219601,7.955078,7.50644,8.177487,11.85189,12.65782,10.55728,9.605799,11.21068,13.41966,10.23049,9.57932,8.575212,7.367108,8.046524,13.05829,7.281326,7.242374,7.344079,7.290189,7.313658,7.781226,9.238262,10.0693,9.223406,9.71343,9.562847,10.36682,11.42937,10.63084,10.17544,9.781075,9.776057,9.874109,9.525365,11.02787,11.4595,12.66194,12.2642,10.36839,10.36297,14.11195,11.95379,9.048786,8.459617,8.56157,8.074717,7.846711,8.092175,8.836904,9.741925,10.34073,11.35084,14.05343,12.42457,9.750655,9.06005,8.106977,9.960243,7.429654,3.955689,3.250811,2.74907,2.459019
"19",-80.78471,35.2398,7.3446245,7.4384695,9.278491,8.5100855,9.307394,13.261105,11.677145,12.393715,12.2222,12.0942,12.40171,13.198655,14.483045,14.583145,9.4313715,8.970906,9.6621475,9.6102265,9.198324,8.002251,7.341602,6.879332,7.2962975,8.725255,10.957645,12.940695,11.12335,10.78953,9.744997,10.68222,12.587475,12.34751,11.68848,10.540165,9.367824,9.4852385,9.7466155,9.139184,9.7889,12.296085,12.631415,11.28343,9.9032015,10.758105,11.946975,22.952075,13.67165,24.44605,41.01898,27.684695,19.192715,15.91888,15.92746,16.639215,14.388015,14.946065,14.894855,12.41031,8.888262,8.688696,9.639113,11.356645,11.67492,7.051691,4.450434,3.0753165,2.5942655
"20",-80.72993,35.30739,7.054739,7.370599,7.534338,7.358518,7.920498,8.348517,9.82426,10.56913,11.2198,11.82789,12.44783,12.27139,12.47699,12.37833,8.992151,8.485642,8.572397,8.882602,9.331556,8.252907,7.48895,6.840849,6.713773,6.785484,7.500908,9.305243,10.67611,10.11515,9.805077,11.83811,12.83398,11.57111,11.32606,10.25713,9.106869,9.117066,9.402915,8.940498,NA,NA,NA,NA,NA,NA,NA,NA,NA,NA,NA,NA,NA,NA,NA,NA,NA,NA,NA,NA,NA,NA,NA,NA,NA,NA,NA,NA,NA
"21",-80.71496,35.27768,7.279985,6.955398,7.201833,6.842031,6.98517,7.368196,NA,6.313749,5.959015,6.268341,6.170372,6.793733,7.361838,7.184742,7.355291,8.5164,7.936532,7.49959,8.494501,7.642871,7.329176,6.784453,7.00682,6.97184,8.453451,NA,9.220456,10.18844,9.631967,11.11683,11.17772,10.40974,10.24118,9.082369,8.394255,8.400714,8.665715,7.761556,9.082753,11.75081,11.17919,9.844084,8.7189,9.167705,10.3622,16.12708,13.50402,18.86115,33.32711,26.06087,NA,14.14876,13.43149,14.64596,12.49749,12.60399,12.81464,11.0762,7.563672,7.651539,8.147305,9.950035,10.14255,4.533965,2.624222,1.982891,1.420855
"22",-80.65976,35.43775,7.38331,7.616594,8.410762,8.188662,8.020012,9.01569,8.124654,8.208654,7.791719,8.515516,8.381342,8.633047,11.02908,11.16129,7.527148,7.255369,6.85294,7.405778,7.725418,7.663063,8.305274,8.408567,7.590955,6.976678,6.645961,7.332008,7.755918,8.265546,8.399285,9.225756,10.52298,9.795063,9.681315,9.917668,10.12913,9.418198,9.394095,8.847378,8.704265,10.22573,11.41487,10.77388,9.597835,9.268226,10.32518,11.65845,14.44574,9.270136,8.036838,7.666627,7.764743,7.467211,9.608124,10.53815,9.95402,11.64547,12.05675,11.98902,11.28081,9.156716,7.683986,7.596639,8.531703,5.317681,4.469159,3.868004,3.252267
"23",-80.64454,35.12824,6.386561,6.683442,6.85986,7.187474,8.428349,7.11572,8.952238,12.97934,7.978233,6.893014,7.479189,9.849081,8.31734,7.802097,6.984566,6.816125,7.258379,18.22513,52.37157,18.12172,19.65492,24.50921,11.83517,6.153021,7.18422,8.757454,8.287648,8.544902,9.505923,9.198779,8.798065,9.558303,9.615798,9.136164,9.099633,8.64883,8.216032,7.240459,8.713123,10.59423,10.40761,9.932908,8.776893,9.651328,10.16302,10.23077,32.43462,42.29678,32.6735,26.7085,18.1773,13.4857,11.38072,13.13857,14.0253,14.56038,13.44514,11.61321,8.883277,8.266799,9.330852,11.7976,10.63955,10.44231,4.401692,2.265942,1.581738
"24",-80.22445,36.11095,5.867406,6.103018,6.129633,6.789728,7.245475,7.333573,7.84018,7.864582,8.980516,10.08474,9.780377,10.00656,10.36174,NA,9.264125,7.748645,7.671124,7.418378,7.55887,7.495116,7.25161,7.768421,7.09419,7.745139,10.07361,10.36462,10.6893,10.65177,10.55519,10.17804,9.734816,10.35901,11.31518,11.50028,11.77443,11.75161,11.90252,11.40382,11.0645,11.96652,12.74084,12.40965,11.67103,10.8233,10.40484,10.6326,11.85068,9.719311,9.735894,8.5758,7.612329,7.79588,8.476242,8.880134,9.121653,9.113945,9.489576,10.93294,12.7587,14.49525,14.90593,11.10897,7.556734,6.358622,4.952935,4.707385,4.252608
"25",-80.19765,35.3671,8.154677,9.761508,9.772456,11.44658,11.88275,19.35311,19.06161,15.23728,18.752,18.30387,16.45196,15.54252,18.521,18.23704,12.82603,8.46279,8.460264,8.342059,8.190612,7.615218,8.102091,10.88256,8.95537,8.877777,10.59916,14.65255,13.34478,14.25439,16.38419,18.37765,20.07791,20.00547,18.75456,18.89383,17.62963,16.1759,14.10384,13.1098,9.292857,9.292077,9.984292,10.22289,11.7004,10.56922,9.408564,10.04845,11.31588,21.72723,19.99479,31.33517,35.31888,30.34973,21.58303,14.63702,13.10629,13.56005,14.04695,13.86521,12.46663,11.4912,9.7709,9.536582,10.3192,11.3667,10.51518,5.479454,4.71549
"26",-80.165,35.2131,6.575006,6.815624,7.064747,10.53243,7.83968,8.360629,8.562547,8.924663,9.599745,9.435017,9.475486,9.846015,10.65268,11.14962,9.988391,8.452631,7.909007,6.995917,6.718391,7.316818,11.47415,8.821101,7.099895,7.794082,10.4124,9.016323,11.42857,15.96036,16.22921,12.87259,11.95667,10.73899,9.956492,9.402142,9.59502,9.157608,9.783726,9.130455,8.427414,8.112271,8.817367,8.762315,8.556131,7.612242,7.630623,8.081765,9.03987,11.91073,14.42217,17.00446,15.55305,14.759,11.82157,11.25979,11.28371,12.06436,12.33273,11.80929,9.352387,7.954603,7.516049,7.477405,7.889756,8.327562,8.518506,4.942312,2.440943
"27",-79.83468,36.13008,5.373715,5.312574,5.840904,5.06299,5.072584,5.318556,5.739114,5.816022,6.226268,6.120062,6.037545,6.071946,6.19084,7.011373,6.331297,6.814041,7.197599,7.536637,7.30187,7.320343,7.099899,6.905497,7.220565,7.067451,7.011759,8.409219,8.738689,8.932349,9.497924,9.992234,10.41758,10.37365,10.09984,9.993069,9.610606,9.49918,9.404953,9.298162,8.810213,9.168737,10.52464,10.30383,9.357827,8.442832,8.308969,8.625242,9.678715,9.640659,11.04389,11.18242,8.692639,7.374593,7.382289,7.433525,8.905481,13.32732,13.95059,12.4618,10.95869,10.88332,11.47647,9.709222,7.602754,5.528988,4.331925,3.772753,3.72667
"28",-79.34686,35.66268,5.053744,4.903665,4.791383,4.760337,5.024422,5.343852,8.005789,9.203301,7.273512,5.377228,4.77631,4.757353,4.982326,5.03158,4.783469,6.557755,6.927254,7.947379,5.784825,5.419105,5.126525,5.22391,5.450543,7.180437,10.17069,7.516493,5.782712,6.198016,7.094171,8.587478,7.408197,7.110082,6.301846,6.042711,5.810506,5.720253,5.628522,5.535515,5.587696,5.717846,5.956577,6.744322,6.98133,6.988255,7.489769,8.374337,7.950338,8.028143,8.185654,7.975548,8.207264,9.161473,10.63902,10.76405,8.985448,8.060653,7.811279,7.834767,7.88025,7.820316,7.236193,6.934313,6.707417,6.201414,6.154053,6.589988,6.258023
"29",-79.23384,36.32742,6.269871,5.154614,19.47006,11.41951,6.984179,8.717183,7.099215,6.637391,5.965687,5.973459,6.034713,6.035926,6.064966,6.350374,9.07462,6.833717,7.415009,6.672551,17.646,10.86844,7.812413,47.87358,13.21318,12.7172,14.43621,30.76019,34.30225,33.71987,18.70205,14.78539,12.04553,10.12666,9.319711,9.029509,8.874313,8.947386,8.626279,9.086653,8.839798,8.16336,8.456234,9.022755,8.833885,8.339392,14.90648,14.01174,8.76611,8.981555,11.59977,13.76155,17.05102,19.99913,18.57276,18.80695,19.58033,17.22537,16.50665,13.04746,11.349,12.15597,13.33724,10.04221,7.782932,7.85897,7.036892,5.954565,4.099434
"30",-79.22463,35.74381,4.660918,4.432677,4.171575,4.166554,4.076295,4.201149,4.587724,4.593377,4.520299,4.602083,4.656636,4.516886,4.570227,4.844895,5.617268,5.837122,5.853679,6.166256,6.173908,6.152195,6.193165,7.808372,6.173304,10.91166,9.662668,8.633261,7.579888,7.444848,17.08677,43.31157,40.68694,34.3904,25.98384,20.26532,13.84252,10.58594,7.97121,6.726329,6.819036,7.461994,7.560007,7.983896,7.101733,7.527464,9.866383,10.95243,8.866162,7.780255,7.130028,7.94308,8.206958,10.36412,12.96299,11.50441,9.732134,8.97613,8.313661,8.305372,8.454053,8.598032,6.950026,6.370052,7.161911,7.206462,6.744805,6.963603,4.898862
"31",-79.02879,36.23172,5.16244,4.871248,4.678995,5.060838,4.380931,3.968983,4.055834,4.854975,4.914495,4.788795,4.919847,4.498741,4.231765,6.336675,5.832595,5.912093,6.029141,5.95598,6.160823,6.309597,6.408622,6.586977,6.083949,5.83141,5.178286,5.717291,8.724637,11.61157,11.18433,9.361623,13.67871,16.6605,10.40505,9.418106,9.408243,8.734316,7.798896,8.157019,8.492794,8.142401,8.164748,8.983837,8.06893,7.385339,7.596034,8.118143,11.0474,10.63739,8.718891,9.419292,10.56509,14.64637,18.81064,18.31418,16.70066,16.84454,13.93737,11.25853,9.865078,11.01467,10.90831,9.203635,6.54625,6.905233,6.921311,6.862543,5.49173
"32",-79.00993,35.9502,6.067032,5.894556,5.813245,5.758646,5.482736,7.580538,7.055566,6.383227,6.059756,5.802848,5.574235,5.421431,5.475495,6.13866,5.829008,5.534028,5.854758,6.007826,6.022346,6.132315,6.389575,6.666858,7.146033,8.257147,8.84792,10.22104,13.06602,12.7033,12.27117,12.13423,13.70388,14.64037,14.43683,14.39627,13.88574,14.01966,14.23639,13.06182,7.66712,7.810402,7.991314,9.099445,8.327113,7.919335,8.962531,11.58385,11.79943,11.12515,9.020192,8.901603,9.521279,11.01881,13.63744,13.7223,12.71293,10.22767,9.698392,9.597992,9.720093,10.2013,9.620599,7.919349,7.538355,8.178738,8.21631,7.746457,6.374283
"33",-78.99459,35.9117,5.568435,5.505843,5.505262,5.192514,4.959785,5.343532,5.756745,6.009397,6.419208,6.353893,6.025115,5.729493,5.619315,6.248007,6.050703,5.856467,5.878518,5.982896,6.112797,6.15575,6.436518,6.739162,7.441991,10.43434,10.89467,11.66886,9.929504,12.98194,17.76128,18.77465,17.26796,14.69151,14.30142,15.15001,15.33137,17.02872,19.23892,15.90516,8.63087,7.530843,7.818566,9.180325,8.345752,8.948545,9.837556,15.73857,17.1985,20.13083,15.89267,9.955529,8.524803,9.127426,10.53974,11.32592,10.98305,9.629312,8.789338,8.728083,8.859908,9.508537,10.89459,8.855436,8.076054,7.831976,7.832018,7.110303,6.234413
"34",-78.98326,36.01245,5.167772,4.953661,4.827591,4.681792,4.358383,4.243629,4.232853,4.561165,4.931595,4.905513,5.170275,4.577723,4.512559,5.016423,5.407712,5.64048,5.701493,5.964356,6.088831,6.018764,5.993927,6.272754,6.301533,6.037969,6.51478,8.211125,14.61812,16.40677,19.14011,15.97973,14.27469,13.99395,14.27898,13.74536,13.78982,12.36585,8.314506,8.606313,7.648012,7.213304,7.947499,8.78623,8.101092,7.223472,7.98641,8.055071,8.34008,8.4979,7.615009,7.997524,8.598108,9.491188,11.71491,12.56962,12.67614,10.46154,8.828782,9.099938,9.095189,10.01259,9.027282,7.785524,6.38347,6.926801,7.086628,6.857681,5.856812
"35",-78.94553,35.92149,5.981824,5.719808,5.826225,6.219597,6.901998,6.428678,6.052365,5.969559,5.943152,6.380749,5.887369,5.913302,6.189392,6.677413,5.992024,5.766488,5.850902,5.841738,5.844827,5.857856,6.132392,6.482639,6.618261,7.420509,8.479358,18.09086,20.48349,22.62099,18.14698,11.52293,12.00003,12.42811,13.38274,14.79616,18.13325,17.94236,18.07063,14.25106,8.894327,7.494254,7.517184,8.709232,8.53141,9.047233,10.48159,15.99481,15.39271,15.90383,17.60847,11.53829,9.449734,9.417007,10.42444,10.88806,10.75728,9.6665,8.686745,8.610029,8.702531,11.9715,12.23582,8.493431,8.583995,8.10737,7.914937,7.521551,6.983736
"36",-78.93808,35.79206,6.089943,5.99161,5.931108,5.571725,5.41274,5.151733,5.849694,5.186448,4.869957,4.937586,5.083283,5.562872,5.861621,5.761004,5.780926,5.991684,6.369541,6.130823,6.222326,6.399717,6.621992,6.477062,7.238517,10.19246,27.03954,21.55055,14.66795,10.65608,9.15953,9.495461,11.71052,12.88744,13.9673,12.6087,11.31136,13.95362,15.81273,16.0805,9.551622,9.020722,8.099552,9.320962,9.543856,9.890572,14.83519,23.48165,19.76571,13.3047,10.42546,9.345965,8.283907,8.76063,9.721005,9.980273,8.513615,8.02727,9.101758,11.3115,12.11919,11.85124,11.27638,8.285005,8.412559,8.170207,7.325792,7.523648,7.141667
"37",-78.93024,35.93549,5.851291,5.897475,6.2262,6.231109,5.573223,6.127894,5.665348,5.649025,5.565947,6.636996,6.453186,5.71758,6.314235,6.055811,5.826843,5.68574,5.591694,5.585629,5.538409,5.643936,5.854366,6.22149,6.438629,7.497958,13.93266,26.38807,26.3218,22.6552,13.57024,11.00901,11.58285,12.03953,13.75214,16.76729,19.80046,20.69314,19.85564,13.3203,8.769242,7.413417,7.506906,8.685079,8.406153,8.879446,10.38489,15.69709,15.50426,15.7936,17.56136,11.6375,9.322917,9.423025,10.5279,11.0661,10.75591,9.867233,8.817067,8.784873,9.006436,12.46818,12.47134,8.484618,8.594662,8.198908,8.009152,7.626168,6.613252
"38",-78.86907,35.76022,6.68184,5.760539,5.194647,5.021499,4.816131,4.666242,4.684708,4.719246,4.697686,4.901399,5.204348,4.976784,4.978774,5.169601,5.489796,5.731534,5.94138,5.91179,6.067823,6.514785,6.531118,6.332928,7.264777,11.17368,25.63475,21.26799,12.75058,9.153522,8.094706,8.309989,8.71967,9.073301,9.424025,9.005584,12.26812,8.133089,8.712946,8.924737,8.96977,9.713453,9.319664,10.86103,8.934736,8.817816,12.97494,19.46546,14.50608,14.89635,9.889233,8.322957,9.268297,8.87241,9.905674,9.949981,8.372101,8.372465,8.141714,10.98168,11.72715,11.09142,9.09979,7.44252,7.999171,7.864866,8.326559,7.875698,7.634562
"39",-78.86451,35.78022,6.468903,7.252547,6.411664,5.801611,5.429218,5.734599,5.185229,4.931089,4.934078,4.879608,5.33797,6.891169,NA,5.785022,5.600411,5.582596,5.608326,5.80531,5.936485,6.24794,6.25698,6.38571,7.203511,13.01041,29.57595,14.91483,9.778307,8.733884,8.428396,8.970986,9.604664,9.998706,10.11196,9.622721,9.021388,8.412291,9.678133,9.324416,9.056435,9.695657,8.801569,9.942839,9.034215,8.854891,12.81282,20.80456,16.33972,12.60363,9.79405,8.336287,8.499767,8.794192,9.647324,10.58503,9.385444,9.080035,8.301993,10.4222,12.00968,11.56054,9.471902,7.79945,8.146549,8.190861,8.331467,7.817592,7.65745
"40",-78.8571,35.57946,5.804526,5.652152,5.886757,5.743958,5.562481,5.642672,5.53688,5.056435,5.359531,5.350765,5.733506,7.393075,7.39731,6.082369,5.523101,5.525831,5.948977,6.364845,6.649825,6.065425,6.034386,7.741873,15.93316,22.25018,12.40763,8.888548,7.516998,8.178109,8.840883,8.512206,8.584161,8.603827,7.775903,7.267341,6.861,6.666542,6.705128,6.413689,6.100458,7.305812,8.445308,9.989442,8.589413,8.499099,9.611014,7.83597,6.605197,49.10562,8.130769,10.10208,11.49246,11.08,9.649332,8.948885,8.914707,10.97402,12.67831,11.31464,10.58485,9.805463,8.556183,8.207156,8.26646,8.069637,8.02793,8.330357,8.102691
"41",-78.85567,35.87295,5.81477,6.010934,5.751193,5.81708,5.756402,5.76992,5.998553,5.918048,5.858059,6.473053,7.243809,6.788687,7.259041,6.82617,6.315309,5.835302,5.929447,6.072827,6.085445,6.227684,6.495494,6.670234,6.755639,8.260306,27.67054,24.20111,15.43531,9.948764,8.948526,9.487322,10.98146,12.48894,13.04345,11.99813,11.94479,13.36923,13.38827,11.31203,9.65877,8.829144,8.651077,9.76826,9.556422,10.01967,12.97497,23.27791,21.99829,14.81504,11.77967,9.837843,9.437915,9.262308,10.26829,10.82783,9.997887,8.59566,9.632923,10.12647,11.52086,12.02624,10.93188,8.5568,8.237405,8.775283,8.026757,7.85732,7.514417
"42",-78.85125,35.73031,6.69107,6.8684,6.704091,6.548381,6.306042,7.25449,6.464374,6.359451,6.236591,6.497153,6.476026,6.20774,7.632367,6.352603,6.020562,5.893734,6.082806,5.782775,6.108661,6.587534,6.298544,6.178932,7.060409,21.03899,25.91064,12.53179,9.484365,9.116286,9.165676,9.463929,9.934283,10.46176,10.29996,9.776527,8.884693,8.344618,7.887019,7.814594,8.578934,9.889651,11.04765,18.73737,18.20295,17.44862,21.71969,21.76725,32.53903,11.27531,12.06001,9.552769,10.12732,10.75287,11.60893,9.530106,9.966278,8.545356,11.03295,12.25912,11.96854,11.21215,9.819956,8.237578,8.7099,8.920369,8.657408,8.351279,8.789625
"43",-78.84706,35.73436,6.446865,6.872027,6.226538,6.218736,6.303176,9.947247,7.637592,7.182605,6.773678,6.763336,6.343794,6.201408,6.37019,6.428392,5.922378,5.682485,5.809249,5.981586,8.474658,6.986462,6.802616,6.732629,7.537175,21.88081,24.20281,11.81374,9.286606,9.02667,9.08654,9.522097,10.06834,10.58706,10.19497,9.705746,8.896356,10.37248,NA,7.79889,NA,10.01708,11.23152,19.37601,18.98553,18.06977,23.60521,22.74105,30.70314,11.5661,NA,NA,NA,NA,NA,NA,9.898247,8.644996,11.12622,12.42808,12.19046,11.41878,9.803452,NA,NA,9.225153,8.988762,9.164314,10.31633
"44",-78.82929,35.98798,6.596356,6.543809,5.880703,5.85632,6.279044,5.582414,5.876131,5.827482,5.874437,5.887549,6.095628,5.854063,6.033072,6.234047,5.911969,6.523534,5.915865,6.025255,6.046737,6.142424,6.810848,6.902102,6.775221,6.55688,7.763321,9.323081,18.00875,21.83895,20.41263,12.37103,9.936456,11.9599,13.13376,13.90795,14.22804,14.87402,14.48551,11.17909,8.548418,7.832521,7.964293,9.216412,8.913837,9.949136,10.40805,15.63977,16.17805,15.73076,16.07823,12.96213,10.66603,9.873217,9.99675,10.01237,10.32307,9.216491,8.196032,8.144049,9.015551,11.29792,10.68776,8.373004,7.374249,8.031683,7.844296,7.354241,7.004969
"45",-78.81706,35.64898,7.19228,7.574317,6.879277,6.664003,10.90028,8.086138,7.521473,7.57635,10.24232,8.85009,7.480929,6.566572,8.269597,18.43571,5.619153,5.74472,6.19975,6.967817,7.174758,7.094645,6.624296,7.345742,8.443434,26.99797,18.76842,11.85034,8.624222,8.969472,10.36752,11.7138,9.154766,10.22381,9.030741,8.459544,8.16969,8.946511,7.60861,7.025243,6.978971,8.707384,9.912825,11.31754,9.523226,9.428508,12.25108,11.24154,8.323934,7.940771,8.944555,9.866923,11.55534,12.11106,10.38123,9.635215,9.270054,9.84205,13.54066,12.94552,11.91412,10.84004,9.148629,8.862548,8.989974,8.912732,8.953377,9.329763,10.7945
"46",-78.7989,35.81219,6.26064,6.08075,5.516603,5.324614,5.076596,5.256196,5.597508,5.912682,7.845422,7.048405,8.303012,6.90373,6.827526,6.784508,5.722303,5.589103,5.525767,5.778467,5.767627,5.940287,6.189496,6.21215,6.841688,10.47995,24.58166,13.26887,9.71876,8.227437,7.927425,8.444195,9.38405,10.05556,9.956602,9.331879,8.843313,8.154366,7.84313,7.531324,8.244995,9.669151,9.635376,13.92677,12.62142,10.68348,13.88154,18.9179,20.95609,16.26145,11.19177,8.404855,9.098268,8.980475,9.698172,10.03993,8.291974,8.106594,8.467601,10.73293,11.37818,10.91121,9.121065,7.636345,7.782224,8.333556,8.316307,8.324708,7.986452
"47",-78.78146,35.83473,5.780125,5.631828,5.533049,5.776339,5.548273,5.520625,5.024212,5.476718,5.581623,5.300352,5.431681,6.001311,5.793425,6.493082,6.366283,6.122603,6.064277,6.207553,6.217237,6.268479,6.453177,6.504362,6.577372,8.571566,19.57856,13.51832,9.538976,8.289147,7.980013,8.379905,9.290113,9.907614,9.851177,9.139066,8.797542,8.125517,8.175939,8.110156,8.569747,9.766152,9.633231,13.05173,11.94274,10.45693,13.27969,18.80786,20.21609,17.88287,11.09895,8.242222,8.643602,8.664703,9.223032,9.833192,8.303467,7.980011,8.020832,10.08807,11.10523,10.66849,8.778623,7.315875,7.376406,7.84849,8.145284,8.023672,7.491849
"48",-78.72777,35.55593,5.898769,5.782222,5.434508,5.476817,5.973487,5.872748,5.602146,5.695526,7.636033,7.073883,6.030614,7.220838,5.563205,5.167102,5.238651,5.428529,5.678393,5.776916,6.281204,6.603111,6.896035,10.69181,11.67168,14.10383,10.87018,8.379454,9.151489,12.59164,7.891614,7.293189,7.281587,6.958827,6.049047,5.90145,6.389571,6.531445,6.365109,6.09851,5.496194,6.294941,7.528219,9.835021,8.100959,7.321789,7.587901,6.720287,6.304778,6.916843,6.972076,9.250246,10.50781,11.07665,9.245781,8.69034,9.395815,10.98246,10.64747,10.65137,10.44025,10.00826,9.049902,8.58254,8.451321,7.989297,7.399749,7.262343,7.389358
"49",-78.70874,35.97729,5.741891,5.803608,5.997442,5.862354,6.035311,6.012837,5.980395,5.865389,5.89823,6.455161,6.420414,6.354436,6.241148,6.253395,5.685764,5.980964,6.066367,5.953635,6.235067,6.361758,6.377762,6.534873,6.704232,6.793599,9.133951,14.88138,13.42017,10.29166,8.789906,8.315694,9.366568,10.63376,11.20311,10.71129,10.18456,9.889052,8.917591,8.515599,8.606307,9.372338,9.72727,10.61275,9.949447,9.279085,10.17015,16.77331,21.97478,18.2952,12.80117,9.841378,9.502296,9.169305,9.588342,10.14707,9.717323,8.359992,8.549621,8.601836,9.516615,10.92801,9.743947,7.664913,7.188343,8.095726,8.223351,7.694546,7.529918
"50",-78.66341,35.7767,6.189887,7.463393,6.031115,6.223452,5.620413,5.349236,5.45329,6.586994,6.509767,6.62553,6.023429,5.710389,5.951217,5.913534,5.601209,5.74633,5.779089,5.63141,5.602937,6.151905,6.445294,6.133543,6.033947,10.08177,14.48851,14.73593,10.85149,8.590674,8.349459,7.95219,8.210241,7.998179,7.666563,7.325718,6.994099,6.830422,6.720063,6.533458,6.451604,6.822294,8.204287,10.46185,9.416624,8.863694,10.00006,10.79267,8.234673,6.941115,13.18355,16.61182,13.11623,11.6064,10.78613,9.702617,9.488067,9.587357,9.492539,11.72226,11.54537,12.385,9.817703,8.493278,8.070462,8.416732,8.19225,8.421825,9.376693
"51",-78.65511,35.71498,12.32007,8.598695,9.027165,6.697829,6.994026,6.111792,7.244001,9.021737,17.58442,15.54656,10.801,12.27957,13.54498,9.684993,12.8378,10.04378,7.010737,5.939165,5.584739,5.659009,5.752027,5.645556,9.581311,13.54459,19.94727,14.50443,13.5781,12.90007,11.0687,9.631984,8.798671,8.008958,7.711498,7.386312,7.014918,6.912284,7.767983,7.883347,6.944233,6.758034,7.634432,10.54234,9.419624,8.040981,9.143484,9.025328,8.02906,7.890023,8.783983,9.740089,11.80513,13.9936,13.47684,12.28399,11.29529,11.98792,13.21326,14.44302,13.99024,13.27271,12.68431,11.2752,10.14871,10.75369,10.28868,10.43503,15.37644
"52",-78.65457,35.9483,5.485243,5.413037,5.079158,5.300371,5.353004,5.240489,5.039503,5.761662,5.961886,6.973006,5.21282,4.950103,4.97089,6.037961,6.232014,6.010514,6.155512,6.144941,6.062433,6.159646,6.163333,6.36392,6.513004,6.716013,8.549842,15.30039,14.20173,11.53694,9.988463,8.321151,10.51904,9.039598,9.308299,9.107345,8.659984,8.115401,7.555049,7.757429,8.049971,9.352025,9.811718,12.41371,12.65002,13.12789,13.3329,21.21032,25.68967,15.83496,12.87546,9.77232,8.473668,8.761036,9.204145,9.596245,9.300121,8.328713,7.808138,8.641219,10.02015,10.76148,9.228941,7.476744,7.151429,7.804008,8.14298,8.279413,7.889569
"53",-78.6472,35.81285,9.923285,7.944944,8.019404,6.509913,6.034355,5.651009,5.458596,5.29988,5.400959,5.37049,5.260602,5.247404,5.42851,6.467348,5.913256,5.881568,5.849026,5.742743,6.03537,6.146418,6.680658,6.20972,7.168654,10.35967,16.09499,17.71042,14.73838,12.18614,8.913104,8.308849,8.746714,8.58083,8.025841,7.599551,7.277618,7.03725,7.310193,6.906493,6.524875,7.263736,8.505854,10.76874,9.690916,8.623825,9.968392,11.99377,8.502012,7.520536,8.847244,9.190509,11.47993,12.28246,10.50514,9.543461,7.981696,7.848351,9.112517,11.86154,11.77145,11.66365,9.744041,8.336311,7.986222,8.329189,8.051169,8.204428,9.429856
"54",-78.62848,35.79627,7.180018,7.808411,7.101665,7.016038,7.789682,6.442312,6.474716,7.956484,6.153036,12.19934,8.783851,6.878889,7.324495,8.12567,6.303128,6.22696,6.323719,5.972557,5.921163,6.415688,6.863916,6.466154,6.570689,12.49172,16.15585,16.8326,19.71635,12.27639,10.41182,8.704087,8.57808,8.482659,8.279831,7.774364,7.54527,7.456253,7.627847,7.394386,6.94486,7.107356,8.400721,10.91167,10.10839,8.819428,10.09642,11.37201,8.142625,7.865881,8.210872,9.354241,12.2595,13.67241,12.33346,11.68448,9.13689,9.02018,10.18694,12.47809,12.54984,12.54886,10.95743,9.517013,8.769882,9.152115,8.75731,8.976783,9.64765
"55",-78.62556,35.6953,7.104152,6.411403,5.895579,5.68504,5.717766,5.797273,6.601853,7.360739,7.112659,6.877545,6.807508,6.506006,6.427008,9.443327,7.517841,6.29212,6.268577,6.233636,6.39347,6.557329,6.846788,6.714506,10.83078,13.3012,15.08211,11.86436,9.59628,10.21997,9.561443,8.347261,7.571303,7.204557,6.792179,6.476791,6.392888,6.282737,6.682552,7.120873,6.857325,7.075544,8.145631,10.43752,10.12078,7.993418,8.46288,8.179467,7.096001,6.996763,7.823882,9.35227,10.7269,12.21954,11.22645,9.485832,9.301355,11.27985,13.05478,12.73448,12.73331,12.39888,11.37704,9.652349,9.157221,9.668432,8.594292,8.650239,9.264389
"56",-78.62494,35.76667,8.051034,7.490046,6.721806,6.361789,5.941763,5.605191,6.525364,7.052839,8.054998,7.937103,7.129903,7.140362,7.927712,11.46868,6.49661,6.099384,6.055849,6.047493,5.892524,6.370559,6.737108,6.422657,7.538891,12.61781,13.6956,14.32684,11.21157,10.71972,10.3643,9.259535,8.072597,7.893574,7.506572,7.068829,7.125025,7.456395,7.510533,7.106542,6.520444,6.848937,8.356508,10.78967,9.792429,8.29882,9.199957,9.852421,7.610801,13.13373,8.603572,9.10706,9.895052,11.43842,10.47526,8.862955,8.343689,9.07088,10.73889,11.80075,11.90333,11.7109,11.18608,9.011167,8.651148,8.849531,8.138825,8.341854,9.217651
"57",-78.58823,35.58855,6.650063,6.907275,6.847042,6.668199,6.127516,5.805839,5.432242,5.343724,6.148814,6.152716,6.774816,6.637359,7.018638,6.59792,6.44887,5.925085,5.688125,5.671242,6.145921,6.661692,7.114924,8.675035,10.37776,10.41506,10.0976,9.617015,10.45407,8.072076,9.14571,8.591389,7.911266,6.723621,5.533261,5.380676,5.050259,4.920557,5.42188,6.526371,5.791802,6.982742,9.122275,10.67772,9.736015,7.98576,7.873681,7.65345,7.574976,7.637308,7.329558,8.21336,10.066,11.64523,12.59117,10.87488,11.77953,12.12845,11.74373,11.97601,12.30661,11.87432,11.41762,10.31825,9.268162,8.795839,8.285346,8.414683,9.228253
"58",-78.58065,35.91763,5.936068,5.748279,5.429244,5.450266,5.54879,5.464031,5.129945,4.847746,4.739966,5.135821,4.842019,4.99752,5.849802,6.334102,5.938593,5.957592,6.034362,5.908754,5.797276,5.85662,5.944327,6.531259,6.529429,8.031241,10.95056,14.43661,14.1682,12.36535,10.45919,8.650918,7.880896,8.277718,8.273918,7.874893,7.622393,7.558923,8.048695,7.428735,6.846335,7.758976,8.794966,10.88488,10.65591,9.409737,9.569864,13.47064,11.21905,7.857391,8.041138,9.995971,9.954637,9.878648,9.777539,9.946726,8.457396,8.324161,8.13922,9.588584,11.88469,12.06225,10.51079,8.363484,7.994149,7.993575,8.190769,8.451203,8.801894
"59",-78.47042,35.97539,6.061861,5.750237,5.561748,5.480949,5.25421,5.493308,5.427652,5.050355,4.694849,4.487642,4.699039,4.778465,5.443353,5.801098,5.933183,5.714761,5.989512,6.047134,6.222051,6.258516,6.562662,6.579189,6.756095,7.157839,10.16503,11.99476,12.33212,10.75305,10.59418,10.19941,9.43512,8.725781,8.105615,7.713431,7.43493,7.195997,6.917351,7.173671,6.963726,7.421541,8.199882,10.76607,11.16087,9.41463,9.108384,12.8789,11.31416,9.665851,8.106458,8.827456,10.93344,11.0207,10.47782,10.65967,9.351349,8.826079,8.683853,10.22639,12.64516,12.96031,12.58076,10.50532,8.426608,8.292854,8.672231,8.600701,9.062162
"60",-78.08824,35.43463,7.944215,8.044077,7.051483,6.860315,6.258095,6.789959,7.08408,6.766852,6.445405,6.540935,6.258132,6.084087,6.725458,6.956955,6.586983,5.850024,6.629278,6.64119,6.252103,6.213455,6.416228,6.912738,6.722109,6.885613,6.053762,6.617928,7.089464,6.811199,6.178192,6.231274,5.828282,5.748711,5.547251,5.474499,5.529101,5.885457,6.366786,6.474278,6.15044,6.630565,7.293739,10.98536,14.28834,11.61834,8.408028,8.195812,8.110756,8.129494,9.804121,12.02226,11.5244,11.4276,12.20352,13.47758,14.39826,13.93086,15.8779,14.6209,13.51586,12.9253,12.05755,10.41731,9.638906,7.570889,7.633261,8.660212,9.399719
"61",-78.08167,35.12774,6.516509,6.841012,7.186263,6.555403,6.245485,6.092206,6.10166,6.12107,5.957679,6.23702,5.736301,5.765917,5.86417,6.885662,6.494083,6.544913,6.284384,6.010272,6.28969,6.152262,6.155927,5.923596,5.982053,5.543046,6.028556,5.724921,5.19027,5.453811,4.830253,4.624632,4.704656,4.885911,5.128561,5.453443,5.79317,6.083156,6.891049,6.419097,6.007626,5.704046,6.582504,10.91875,11.8691,9.207492,11.7631,8.877338,15.62714,17.7455,9.93916,9.495181,9.520404,12.28814,13.72648,13.32193,12.42455,10.96083,9.663894,10.08167,10.68606,10.63385,11.84757,9.393404,6.238658,5.740206,6.928744,7.335579,8.580251
"62",-78.04602,35.40486,6.920053,8.866216,11.0132,6.584441,6.361709,5.679835,5.353649,5.439794,5.410826,5.881462,5.76167,5.338101,5.218896,5.942627,6.327513,6.426312,6.494721,6.79072,6.408278,6.272497,6.142899,6.557145,5.946505,14.51959,32.07908,38.53624,15.028,8.144112,7.937066,6.931922,6.428166,6.822895,11.62168,10.54653,5.84504,5.622744,5.660886,5.619098,6.207415,7.123062,7.526751,10.54805,13.10893,12.53745,8.741745,7.846935,7.535207,7.646328,11.7872,10.63774,10.18167,9.664366,12.28543,13.05282,13.58634,13.49732,14.92956,12.66603,11.33361,10.90889,9.933804,9.187663,8.416977,6.499262,6.661255,7.611346,8.42761
"63",-78.03217,33.93246,13.04672,10.39702,8.010456,9.761502,10.12744,10.071,11.50486,11.43826,10.75703,8.941361,9.435093,8.230388,8.290617,6.686047,5.834065,5.651789,5.467539,5.418455,5.394698,5.229118,5.145949,5.019208,4.674515,4.310851,4.157987,3.757638,3.573438,3.726996,4.651699,6.276053,5.270389,4.604108,4.87751,5.356622,5.244535,5.147696,5.277131,3.952729,4.303579,4.732076,4.742131,4.698847,4.547688,5.286779,6.302961,6.420907,6.098228,5.743473,5.590119,5.09008,4.138289,3.879102,3.823612,3.951158,3.923946,4.277899,4.841283,6.194757,5.506748,5.748703,5.962556,4.218092,4.354423,5.118256,6.066694,7.085981,7.243063
"64",-77.88137,34.14836,18.60052,22.21135,24.19863,12.70588,9.821264,8.807819,8.020734,8.068674,8.289578,7.764079,6.230656,6.114404,6.108547,5.856617,5.665867,5.817723,5.668971,5.73625,5.36844,5.086555,4.810136,4.538808,4.699352,4.978476,5.247681,5.807515,4.183743,3.766124,3.642657,4.361964,4.986087,6.470468,6.226416,4.680879,4.666691,4.29627,4.559402,4.558972,4.280439,5.38222,6.750354,8.22414,19.82365,23.14748,17.51903,7.667047,7.358614,6.428893,5.738094,5.374175,5.272452,5.708386,5.213496,4.143335,4.353405,4.39468,5.615923,6.413773,4.633526,4.123774,4.271991,4.308513,4.259363,5.032207,5.762483,7.156104,8.112143
"65",-77.79636,35.94915,6.570955,6.827064,6.650555,7.294628,7.119424,7.62386,8.481844,8.187761,9.86123,9.503323,10.96598,10.60862,10.65339,7.783453,6.41732,6.008418,6.304632,6.29128,6.314112,6.57705,6.95728,7.639507,7.848747,7.17581,8.873956,8.632253,7.989458,8.019998,8.962492,9.389286,8.31337,7.494882,6.852572,7.000699,6.797576,6.617243,7.402252,6.849944,6.216496,6.436139,8.592191,9.54041,12.1185,13.07126,11.37846,8.519531,8.299426,8.684326,8.435111,9.452869,13.50721,12.57882,12.15087,12.2537,12.2098,12.45758,12.9894,13.27714,12.91484,12.97587,13.38127,12.74443,11.02107,8.407225,8.34925,8.096825,8.784649
"66",-77.7934,34.25329,6.947545,7.204012,8.019234,9.946586,8.532571,7.608066,7.668565,7.240421,6.933625,6.393115,5.749648,5.595724,5.526799,5.879517,5.594077,6.001276,6.301181,6.419813,6.238022,5.770667,5.091082,4.652246,4.504987,4.40749,4.567386,4.894566,5.680367,5.830957,6.851807,4.673827,4.7118,6.678322,7.241479,7.529414,6.533086,5.495523,6.16202,5.538921,4.579291,5.216021,5.749802,4.576795,5.008094,7.504015,7.134674,5.753465,5.368341,5.860857,6.191912,5.873874,5.45837,4.695939,4.543776,4.461715,4.785204,5.118649,7.008236,7.770901,5.943591,3.885369,4.147579,4.477345,4.174462,5.228015,5.670748,6.976979,7.755854
"67",-77.71331,36.1058,5.746982,6.838876,5.356912,7.454787,5.485204,7.000769,7.596331,7.396328,5.11167,5.56822,6.289498,6.260519,8.718106,7.762025,6.06194,6.081024,6.516062,6.249554,6.084133,6.127475,6.041081,6.324382,6.141038,5.81556,6.607152,6.870221,10.67063,15.91272,7.750046,8.261954,8.39412,7.564846,6.672574,6.251135,8.320567,8.931198,6.385213,6.480807,6.274424,6.656867,8.523816,9.5422,11.38754,12.37765,11.95634,8.674987,7.618802,7.69318,7.864523,8.278441,12.06533,12.87171,11.5884,11.12436,11.29483,11.60071,11.74289,12.17367,12.31208,12.43964,11.63937,11.48479,10.5962,8.702397,7.421367,7.992109,8.439111
"68",-77.66019,36.47513,5.300501,5.256737,5.270814,5.216147,5.231241,5.36637,6.155428,5.301791,5.454474,5.458969,NA,6.710028,7.592936,5.973416,5.22878,5.52123,5.693882,5.79152,5.740443,5.677687,5.687392,5.708889,5.817666,5.717404,NA,9.14038,6.527009,5.908726,6.00205,6.066184,5.924063,NA,5.918887,5.700165,NA,5.30095,5.091618,5.06399,5.428802,5.81786,6.501694,8.135721,8.878217,8.714046,8.258114,7.378047,6.521465,6.444541,6.362961,6.4543,6.531574,6.416952,6.356229,6.194831,6.528339,6.636406,6.907029,7.403263,8.263116,7.464631,7.641755,7.42534,6.874086,5.954783,5.518093,5.455103,5.505882
"69",-77.53745,35.90209,7.041934,8.009987,7.469743,6.831272,5.755356,5.2202,5.230219,5.416219,7.385171,6.055341,6.072973,5.989333,6.715517,7.144736,6.322695,5.789227,6.021207,6.105728,6.101966,5.890356,5.926275,6.113618,8.383614,11.81578,10.84392,8.593063,5.78552,6.220485,6.375321,6.375543,5.867114,5.458615,5.362536,5.957436,6.477043,6.698039,7.059915,6.48296,5.565742,6.529032,7.794498,10.06333,11.28775,11.40006,12.62521,11.72912,8.500225,7.923774,11.16476,12.63595,10.18632,9.966274,10.45516,12.26561,12.60461,12.61504,12.732,12.66309,12.88585,12.92795,12.24342,10.99099,8.945868,6.959657,7.104914,6.884251,8.023004
"70",-80.83838,35.03867,NA,7.321565,7.436392,9.175923,10.35652,10.64868,10.1546,10.67045,10.4536,10.44971,10.43418,10.57089,10.57382,9.237943,7.930029,7.985137,NA,7.874434,7.03195,7.055447,NA,NA,6.927263,7.69587,8.630475,9.42176,9.413777,8.831199,11.113,10.60412,11.96852,12.50337,NA,NA,NA,NA,NA,NA,8.958075,10.32157,10.79136,9.902007,10.45796,9.653113,9.811356,18.4101,46.82922,40.41377,29.71085,22.29132,15.4592,12.63288,10.89838,10.35574,10.47492,10.79605,10.53312,7.549405,7.760919,8.190757,8.572852,11.98049,10.38996,9.327914,6.514549,2.849282,2.298101
"71",-79.04536,35.93509,NA,5.412879,5.553086,5.611648,5.743717,5.689525,6.085962,6.086549,6.339166,6.258217,5.801959,5.361276,5.329532,5.570441,5.84182,NA,7.223369,NA,6.142567,6.280585,NA,6.474025,7.058934,10.07092,NA,10.89703,10.12605,9.829244,10.94773,15.82776,17.32991,16.07995,13.35403,11.0404,9.690204,8.97451,8.747118,7.791224,7.404216,7.714814,8.091178,8.801352,7.916354,7.400316,8.328221,9.6616,9.240663,8.345253,7.706054,8.08275,8.665279,10.20411,13.2469,13.42633,11.99112,10.22381,11.62236,9.817532,9.291176,9.38404,8.604042,6.741636,6.88165,7.261283,7.358554,7.092684,6.12029
"72",-79.04031,35.99727,NA,5.07128,5.089189,5.172699,9.239496,6.929228,8.119477,10.91066,8.396279,6.907629,8.107321,11.77041,12.98067,8.666288,5.639933,5.775421,6.471457,6.40604,7.065219,7.039363,6.374354,7.211577,7.227363,6.160311,6.148235,5.981407,NA,NA,9.877655,7.011023,7.273274,9.036946,14.72945,13.85334,12.96088,10.62551,8.749005,7.726746,7.607732,7.747523,8.454799,9.226314,8.503749,7.621785,8.143374,8.146466,8.723269,8.647579,7.727059,8.899554,9.532249,11.28373,13.48925,14.08567,13.8444,11.65074,9.903768,9.848571,10.46512,11.03543,9.959863,NA,7.205749,7.585623,7.822873,7.724141,6.392024
"73",-77.94566,34.23291,NA,NA,NA,NA,NA,NA,NA,NA,NA,NA,NA,NA,NA,5.396724,NA,NA,NA,NA,NA,NA,NA,NA,NA,NA,NA,NA,NA,NA,NA,NA,NA,NA,NA,NA,NA,NA,NA,NA,NA,NA,NA,NA,NA,NA,NA,NA,NA,NA,NA,NA,NA,NA,NA,NA,NA,NA,NA,NA,NA,NA,NA,NA,NA,NA,NA,NA,NA
"74",-79.90814,36.46758,NA,NA,NA,NA,NA,NA,NA,NA,NA,NA,NA,NA,NA,NA,NA,NA,6.286796,8.073133,6.8385,6.671661,6.628138,6.812934,6.869331,7.07188,7.817401,8.816102,10.18113,8.130892,7.946686,8.362903,8.90791,10.48092,12.7239,9.064898,9.738702,10.89324,10.93171,11.61615,10.59843,11.12203,12.357,12.66664,11.52294,11.07578,10.77202,9.564835,8.687335,9.240966,8.656826,8.565078,8.072576,7.402208,7.699117,7.253035,7.384443,7.990047,8.384322,8.345914,8.601804,9.765376,12.24451,11.33747,7.791609,4.685203,3.767043,3.50861,2.96474
"75",-78.57809,35.83266,NA,NA,NA,NA,NA,NA,NA,NA,NA,NA,NA,NA,NA,NA,NA,NA,NA,NA,NA,NA,6.658544,6.624436,6.552365,9.481101,13.50207,14.92489,13.12977,10.60586,10.02865,9.787404,8.656211,8.1961,7.728625,7.34263,7.113599,7.047694,7.171067,7.002649,6.582977,6.816308,8.085645,10.72608,10.10042,8.652403,9.223791,11.04912,8.261346,7.356568,8.497272,9.169901,10.53332,13.53933,12.00623,11.07993,8.746907,8.826022,9.899224,12.43108,12.14922,12.38817,11.41145,9.696747,8.611446,9.060047,8.644535,8.765987,9.501384
"76",-81.89631,36.04543,NA,NA,NA,NA,NA,NA,NA,NA,NA,NA,NA,NA,NA,NA,NA,NA,NA,NA,NA,NA,NA,10.30607,14.12748,12.70848,13.89535,13.71953,15.01237,17.65579,19.01043,17.30544,15.31629,14.10693,12.9053,12.22063,11.45668,11.93974,12.08461,11.97219,12.04867,12.47995,NA,NA,NA,10.59856,10.00299,8.883396,NA,7.206693,6.85081,6.892806,7.35932,NA,9.351002,7.972185,8.140963,7.625624,NA,NA,NA,NA,NA,NA,NA,NA,NA,NA,NA
"77",-78.96274,35.9472,NA,NA,NA,NA,NA,NA,NA,NA,NA,NA,NA,NA,NA,NA,NA,NA,NA,NA,NA,NA,NA,6.07481,6.492016,9.01771,8.852727,18.3046,22.26995,23.04756,17.85877,12.8466,12.99877,13.50722,13.97873,15.97855,18.13565,20.36074,20.53641,14.45762,9.020329,7.226142,7.402691,8.334073,7.913496,8.21098,9.166714,13.75849,15.55142,19.24909,14.37365,9.17143,8.392119,9.264937,10.72585,11.11189,10.89966,9.73593,8.955783,8.821166,8.839559,9.739759,11.40484,9.269948,9.30828,7.764195,7.895,7.415808,6.491593
"78",-80.875,35.213,NA,NA,NA,NA,NA,NA,NA,NA,NA,NA,NA,NA,NA,NA,NA,NA,NA,NA,NA,NA,NA,NA,NA,NA,NA,NA,NA,NA,NA,NA,NA,NA,NA,NA,NA,NA,NA,NA,NA,NA,NA,NA,NA,NA,16.0101,19.18857,10.07233,20.53254,39.07993,32.88237,19.61503,14.22552,14.67963,15.04423,14.73814,14.27315,14.65333,11.28036,9.591916,9.527391,9.475472,11.57218,11.59921,5.429006,2.943139,2.139686,2.130027
"79",-79.0867,35.92847,NA,NA,NA,NA,NA,NA,NA,NA,NA,NA,NA,NA,NA,NA,NA,NA,NA,NA,NA,NA,NA,NA,NA,NA,NA,NA,NA,NA,NA,NA,NA,NA,NA,NA,NA,NA,NA,NA,NA,NA,NA,NA,NA,NA,NA,NA,8.506013,8.62613,7.709179,9.205581,10.31663,10.60227,13.9552,14.19293,12.61984,9.919358,9.365242,9.588872,10.13808,10.08566,9.08667,7.025112,7.301881,7.598271,7.601081,7.439437,5.949399
