"","Lon","Lat","Timestamp","y","y_hat","std","lower","upper","coverage"
"2174",-82.5844,35.6062,"2020-05-01 00:00:00",0.9,4.45801425756318,0.743967690400548,2.99983758437811,5.91619093074825,0
"2175",-82.5844,35.6062,"2020-05-01 01:00:00",4.9,2.6880251082976,1.03753337798623,0.654459687444589,4.72159052915061,0
"2176",-82.5844,35.6062,"2020-05-01 04:00:00",1.9,3.98086980325013,0.513536254243191,2.97433874493348,4.98740086156679,0
"2177",-82.5844,35.6062,"2020-05-01 05:00:00",1,2.06822661085686,0.529463139479667,1.03047885747671,3.10597436423701,0
"2178",-82.5844,35.6062,"2020-05-01 06:00:00",2.9,2.13983775169469,0.989324131176289,0.200762454589164,4.07891304880022,1
"2179",-82.5844,35.6062,"2020-05-01 07:00:00",1,3.15150565526034,0.706475465741949,1.76681374240612,4.53619756811456,0
"2180",-82.5844,35.6062,"2020-05-01 08:00:00",1,3.25283023881809,0.926483776935536,1.43692203602444,5.06873844161174,0
"2181",-82.5844,35.6062,"2020-05-01 09:00:00",1,4.66759715234731,1.46071386827828,1.80459797052188,7.53059633417274,0
"2182",-82.5844,35.6062,"2020-05-01 10:00:00",2.9,3.70792944988574,0.546367709497507,2.63704873927063,4.77881016050085,1
"2183",-82.5844,35.6062,"2020-05-01 13:00:00",1.9,0.730198146306347,4.34532292240321,-7.78663478160394,9.24703107421664,1
"2184",-82.5844,35.6062,"2020-05-01 14:00:00",2.9,2.93671309460729,0.703900582777479,1.55706795236343,4.31635823685115,1
"2185",-82.5844,35.6062,"2020-05-01 16:00:00",2.9,2.88028821750729,0.948050049928377,1.02211011964767,4.73846631536691,1
"2186",-82.5844,35.6062,"2020-05-01 17:00:00",1,3.19487192192575,0.727862930959304,1.76826057724551,4.62148326660599,0
"2187",-82.5844,35.6062,"2020-05-01 18:00:00",2.9,2.46766503846728,0.792857058206312,0.913665204382908,4.02166487255165,1
"2188",-82.5844,35.6062,"2020-05-01 20:00:00",0.9,4.1251331449213,0.651519397743317,2.8481551253444,5.4021111644982,0
"2189",-82.5844,35.6062,"2020-05-01 21:00:00",1.9,5.08611917547455,0.857967224534603,3.40450341538673,6.76773493556237,0
"2190",-82.5844,35.6062,"2020-05-01 22:00:00",4.1,4.57771833720723,1.14788571344084,2.32786233886318,6.82757433555128,1
"2191",-82.5844,35.6062,"2020-05-01 23:00:00",3,1.52467346740191,1.07670527488585,-0.585668871374356,3.63501580617818,1
"2192",-82.5844,35.6062,"2020-05-02 00:00:00",5.9,4.15127841369767,0.669814562939194,2.83844187033685,5.46411495705849,0
"2193",-82.5844,35.6062,"2020-05-02 01:00:00",6.3,5.15224305344826,0.515190940885831,4.14246880931203,6.16201729758449,0
"2194",-82.5844,35.6062,"2020-05-02 02:00:00",1,4.56762063723931,0.723662143013432,3.14924283693298,5.98599843754564,0
"2195",-82.5844,35.6062,"2020-05-02 03:00:00",3.9,3.13803300375747,1.9845383488648,-0.751662160017538,7.02772816753248,1
"2196",-82.5844,35.6062,"2020-05-02 04:00:00",4,3.76736654997582,1.22927616324485,1.35798527001591,6.17674782993573,1
"2197",-82.5844,35.6062,"2020-05-02 05:00:00",2,3.27975133812971,1.64447884251137,0.0565728068074249,6.50292986945199,1
"2198",-82.5844,35.6062,"2020-05-02 06:00:00",4.9,3.76246460802484,1.36195431418442,1.09303415222338,6.4318950638263,1
"2199",-82.5844,35.6062,"2020-05-02 07:00:00",3,4.86152357491829,0.986724870564033,2.92754282861279,6.79550432122379,1
"2200",-82.5844,35.6062,"2020-05-02 09:00:00",4.9,4.74718167215693,1.03619023837489,2.71624880494215,6.77811453937171,1
"2201",-82.5844,35.6062,"2020-05-02 10:00:00",9.9,4.20961847171766,0.979918922862836,2.2889773829065,6.13025956052882,0
"2202",-82.5844,35.6062,"2020-05-02 11:00:00",5,6.28982308039372,1.17379510032979,3.98918468374733,8.59046147704011,1
"2203",-82.5844,35.6062,"2020-05-02 12:00:00",5,4.81821629222352,0.470529165411566,3.89597912801685,5.74045345643019,1
"2204",-82.5844,35.6062,"2020-05-02 13:00:00",1,3.92592996503015,0.680435004575222,2.59227735606272,5.25958257399759,0
"2205",-82.5844,35.6062,"2020-05-02 14:00:00",5.9,5.0946288840382,1.78500106557092,1.5960267955192,8.5932309725572,1
"2206",-82.5844,35.6062,"2020-05-02 15:00:00",5,3.87718070779888,2.7272592028891,-1.46824732986376,9.22260874546152,1
"2207",-82.5844,35.6062,"2020-05-02 16:00:00",4,3.87589246189278,7.68271804156538,-11.1822348995754,18.9340198233609,1
"2208",-82.5844,35.6062,"2020-05-02 17:00:00",2,13.1191073253078,5.85543307496727,1.64245849837195,24.5957561522437,1
"2209",-82.5844,35.6062,"2020-05-02 18:00:00",4.9,5.7390041077413,0.82739793415502,4.11730415679746,7.36070405868514,1
"2210",-82.5844,35.6062,"2020-05-02 19:00:00",2.8,5.76938627234487,0.711118182007942,4.3755946356093,7.16317790908044,0
"2211",-82.5844,35.6062,"2020-05-02 20:00:00",3.7,6.90601258074358,1.37460698088934,4.21178289820047,9.60024226328669,0
"2212",-82.5844,35.6062,"2020-05-02 21:00:00",3.9,8.87493047365505,1.83645826997294,5.27547226450809,12.474388682802,0
"2213",-82.5844,35.6062,"2020-05-02 22:00:00",6.9,10.6339702792759,0.765362603585354,9.13385957624861,12.1340809823032,0
"2214",-82.5844,35.6062,"2020-05-02 23:00:00",12.9,8.34765570010687,1.22103121789627,5.95443451303018,10.7408768871836,0
"2215",-82.5844,35.6062,"2020-05-03 00:00:00",15.9,8.76076269672823,1.21819394361319,6.37310256724638,11.1484228262101,0
"2216",-82.5844,35.6062,"2020-05-03 01:00:00",16,9.98454800122691,1.64165309902474,6.76690792713842,13.2021880753154,0
"2217",-82.5844,35.6062,"2020-05-03 02:00:00",21.9,8.01177679227446,1.74432593916658,4.59289795150796,11.430655633041,0
"2218",-82.5844,35.6062,"2020-05-03 03:00:00",14,8.3239593550781,1.75307807647394,4.88792632518918,11.759992384967,0
"2219",-82.5844,35.6062,"2020-05-03 04:00:00",13,8.2687984503599,0.991209846354183,6.3260271515057,10.2115697492141,0
"2220",-82.5844,35.6062,"2020-05-03 05:00:00",11,8.33441870872138,1.01547350404074,6.34409064080153,10.3247467766412,0
"2221",-82.5844,35.6062,"2020-05-03 06:00:00",8,7.83260689736417,1.28721991498315,5.3096558639972,10.3555579307311,1
"2222",-82.5844,35.6062,"2020-05-03 07:00:00",10.9,7.97145528967208,0.704768101653763,6.5901098104307,9.35280076891346,0
"2223",-82.5844,35.6062,"2020-05-03 08:00:00",8,7.13826017004699,1.26618863036412,4.65653045453331,9.61998988556067,1
"2224",-82.5844,35.6062,"2020-05-03 09:00:00",13.5,6.94774203774733,2.21802725375184,2.60040862039372,11.2950754551009,0
"2225",-82.5844,35.6062,"2020-05-03 10:00:00",12,4.32164168421951,2.52819365399281,-0.633617877606397,9.27690124604542,0
"2226",-82.5844,35.6062,"2020-05-03 11:00:00",11,5.13506786147474,2.0761380177745,1.06583734663672,9.20429837631276,0
"2227",-82.5844,35.6062,"2020-05-03 12:00:00",11,7.542960396778,1.182706798464,5.22485507178856,9.86106572176744,0
"2228",-82.5844,35.6062,"2020-05-03 13:00:00",6,4.82871624942899,1.36252210002192,2.15817293338603,7.49925956547195,1
"2229",-82.5844,35.6062,"2020-05-03 14:00:00",8,6.30044543102485,1.14229335457202,4.06155045606369,8.53934040598601,1
"2230",-82.5844,35.6062,"2020-05-03 15:00:00",6,5.04594987881233,1.87305161194721,1.3747687193958,8.71713103822886,1
"2231",-82.5844,35.6062,"2020-05-03 16:00:00",7.9,6.15679859705313,1.36500572723083,3.4813873716807,8.83220982242556,1
"2232",-82.5844,35.6062,"2020-05-03 17:00:00",5,7.79503491444226,0.58291407654612,6.65252332441186,8.93754650447265,0
"2233",-82.5844,35.6062,"2020-05-03 18:00:00",5.9,7.90312568812927,0.867211082781179,6.20339196587816,9.60285941038038,0
"2234",-82.5844,35.6062,"2020-05-03 20:00:00",2.9,8.28545213358018,1.38349829409895,5.57379547714624,10.9971087900141,0
"2235",-82.5844,35.6062,"2020-05-03 21:00:00",3.9,7.13955146909123,1.27700788572075,4.63661601307856,9.6424869251039,0
"2236",-82.5844,35.6062,"2020-05-03 22:00:00",4.9,6.17814588909231,1.3776837649927,3.47788570970662,8.878406068478,1
"2237",-82.5844,35.6062,"2020-05-03 23:00:00",1,5.68031226973126,1.12294613003847,3.47933785485586,7.88128668460666,0
"2238",-82.5844,35.6062,"2020-05-04 03:00:00",0.9,4.5595019471413,1.8930327036806,0.849157847927323,8.26984604635528,1
"2239",-82.5844,35.6062,"2020-05-04 04:00:00",4.9,5.19390361668901,1.96904132066787,1.33458262817998,9.05322460519804,1
"2240",-82.5844,35.6062,"2020-05-04 05:00:00",2,4.75446416944412,1.64384530022604,1.53252738100108,7.97640095788716,1
"2241",-82.5844,35.6062,"2020-05-04 06:00:00",2.9,3.67198279199104,0.924043607114917,1.8608573220458,5.48310826193628,1
"2242",-82.5844,35.6062,"2020-05-04 07:00:00",3,5.97131612314453,0.924109090057695,4.16006230663145,7.78256993965761,0
"2243",-82.5844,35.6062,"2020-05-04 08:00:00",1,6.33926732537904,1.49459125693165,3.40986846179301,9.26866618896507,0
"2244",-82.5844,35.6062,"2020-05-04 09:00:00",4.9,5.92752834503819,1.53464732719573,2.91961958373456,8.93543710634182,1
"2245",-82.5844,35.6062,"2020-05-04 10:00:00",6.9,4.32239904475271,1.58380439898761,1.21814242273699,7.42665566676843,1
"2246",-82.5844,35.6062,"2020-05-04 11:00:00",5,4.61376488559366,1.36615071455351,1.93610948506878,7.29142028611854,1
"2247",-82.5844,35.6062,"2020-05-04 12:00:00",10.5,4.5614807594534,1.06710648149218,2.46995205572873,6.65300946317807,0
"2248",-82.5844,35.6062,"2020-05-04 13:00:00",5,2.4805890231913,0.944710304102672,0.628956827150063,4.33222121923254,0
"2249",-82.5844,35.6062,"2020-05-04 14:00:00",3,4.90933866809215,1.27564387004375,2.4090766828064,7.4096006533779,1
"2250",-82.5844,35.6062,"2020-05-04 15:00:00",3.9,5.46087463784462,0.992779470007777,3.51502687662938,7.40672239905986,1
"2251",-82.5844,35.6062,"2020-05-04 16:00:00",1,4.29873351815545,1.06757550731657,2.20628552381497,6.39118151249593,0
"2252",-82.5844,35.6062,"2020-05-04 17:00:00",1.9,5.69885809219175,0.858743932246782,4.01571998498806,7.38199619939544,0
"2253",-82.5844,35.6062,"2020-05-04 19:00:00",1.9,7.63590284668808,2.63880574558734,2.46384358533689,12.8079621080393,0
"2254",-82.5844,35.6062,"2020-05-04 21:00:00",3.9,9.38768125860418,1.50082806187875,6.44605825732183,12.3293042598865,0
"2255",-82.5844,35.6062,"2020-05-04 22:00:00",4,8.66328861358672,2.08685764705457,4.57304762535976,12.7535296018137,0
"2256",-82.5844,35.6062,"2020-05-04 23:00:00",4.9,6.74168128464403,1.20897493303683,4.37209041589184,9.11127215339622,1
"2257",-82.5844,35.6062,"2020-05-05 00:00:00",6.9,6.16178763263926,0.531154526890803,5.12072475993329,7.20285050534523,1
"2258",-82.5844,35.6062,"2020-05-05 01:00:00",13.9,7.2504794559772,1.23367257253372,4.83248121381111,9.66847769814329,0
"2259",-82.5844,35.6062,"2020-05-05 02:00:00",4.9,7.78259125144209,1.22915365286813,5.37345009182056,10.1917324110636,0
"2260",-82.5844,35.6062,"2020-05-05 03:00:00",5,6.10884651297529,1.42067598733373,3.32432157780118,8.8933714481494,1
"2261",-82.5844,35.6062,"2020-05-05 04:00:00",3,7.42351218239085,1.08308986132756,5.30065605418883,9.54636831059287,0
"2262",-82.5844,35.6062,"2020-05-05 05:00:00",3.9,4.78590147752103,1.05629912092352,2.71555520051093,6.85624775453113,1
"2263",-82.5844,35.6062,"2020-05-05 06:00:00",4,5.89283727737319,1.24232192219522,3.45788630987056,8.32778824487582,1
"2264",-82.5844,35.6062,"2020-05-05 07:00:00",7.9,4.82440135305765,1.88503544466123,1.12973188152164,8.51907082459366,1
"2265",-82.5844,35.6062,"2020-05-05 08:00:00",3,5.99843066603127,1.47272209381549,3.11189536215291,8.88496596990963,0
"2266",-82.5844,35.6062,"2020-05-05 09:00:00",4.9,5.42710515971624,1.67718358836451,2.1398253265218,8.71438499291068,1
"2267",-82.5844,35.6062,"2020-05-05 10:00:00",1,5.51185960692894,1.07238578517855,3.40998346797898,7.6137357458789,0
"2268",-82.5844,35.6062,"2020-05-05 11:00:00",5.9,5.73836655015539,0.897632907973814,3.97900605052671,7.49772704978407,1
"2269",-82.5844,35.6062,"2020-05-05 12:00:00",9.9,5.73445534399166,0.769833135608748,4.22558239819851,7.24332828978481,0
"2270",-82.5844,35.6062,"2020-05-05 13:00:00",10.9,5.89364096894687,1.01928738757141,3.89583768930691,7.89144424858683,0
"2271",-82.5844,35.6062,"2020-05-05 14:00:00",9,9.91887394915273,1.47011680885387,7.03744500379914,12.8003028945063,1
"2272",-82.5844,35.6062,"2020-05-05 15:00:00",11.9,8.05162145936753,1.38703567269452,5.33303154088627,10.7702113778488,0
"2273",-82.5844,35.6062,"2020-05-05 16:00:00",4,7.83207887598795,0.821147589803793,6.22262959997252,9.44152815200338,0
"2274",-82.5844,35.6062,"2020-05-05 17:00:00",7.9,7.60078827093788,1.08731780618705,5.46964537081126,9.7319311710645,1
"2275",-82.5844,35.6062,"2020-05-05 18:00:00",5,6.74196644140576,0.615328105874441,5.53592335389185,7.94800952891966,0
"2276",-82.5844,35.6062,"2020-05-05 19:00:00",9,7.05315618875735,0.808840878834596,5.46782806624154,8.63848431127316,0
"2277",-82.5844,35.6062,"2020-05-05 20:00:00",7,9.03710398570716,0.881614158447413,7.30914023515023,10.7650677362641,0
"2278",-82.5844,35.6062,"2020-05-05 21:00:00",3,9.11003120991349,1.45190233956161,6.26430262437273,11.9557597954542,0
"2279",-82.5844,35.6062,"2020-05-05 22:00:00",3,7.24490459912923,0.98185127541974,5.32047609930654,9.16933309895192,0
"2280",-82.5844,35.6062,"2020-05-06 01:00:00",5.1,6.20853760253086,0.706761538954161,4.8232849861807,7.59379021888101,1
"2281",-82.5844,35.6062,"2020-05-06 02:00:00",2,5.53357878417993,1.22889856037953,3.12493760583605,7.94221996252381,0
"2282",-82.5844,35.6062,"2020-05-06 04:00:00",0.9,5.5211129478123,0.966718684175186,3.62634432682894,7.41588156879566,0
"2283",-82.5844,35.6062,"2020-05-06 05:00:00",1.9,5.17306323566021,1.04058517585186,3.13351629099056,7.21261018032986,0
"2284",-82.5844,35.6062,"2020-05-06 06:00:00",2,4.62261096343138,1.20063070216226,2.26937478719335,6.97584713966941,0
"2285",-82.5844,35.6062,"2020-05-06 08:00:00",0.1,5.04813447903967,0.953078833491372,3.18009996539658,6.91616899268276,0
"2286",-82.5844,35.6062,"2020-05-06 09:00:00",5.9,5.66865933898128,0.888780576087364,3.92664940985005,7.41066926811251,1
"2287",-82.5844,35.6062,"2020-05-06 10:00:00",5,3.15575680919593,0.864817433519146,1.4607146394984,4.85079897889346,0
"2288",-82.5844,35.6062,"2020-05-06 11:00:00",5,3.56320743696608,0.796215896200056,2.00262428041397,5.12379059351819,1
"2289",-82.5844,35.6062,"2020-05-06 12:00:00",5.9,3.65894156575153,0.678764129739717,2.32856387146168,4.98931926004138,0
"2290",-82.5844,35.6062,"2020-05-06 13:00:00",7.9,2.35081231978672,0.887623831556442,0.611069609936094,4.09055502963735,0
"2291",-82.5844,35.6062,"2020-05-06 15:00:00",2.9,2.66755664572105,0.956684503118187,0.792455019609403,4.5426582718327,1
"2292",-82.5844,35.6062,"2020-05-06 17:00:00",0.9,3.51806719987422,1.52369929924598,0.5316165733521,6.50451782639634,1
"2293",-82.5844,35.6062,"2020-05-06 18:00:00",4.9,4.15138087760394,1.6148465032709,0.986281731192976,7.3164800240149,1
"2294",-82.5844,35.6062,"2020-05-06 20:00:00",2.8,3.29410916310114,1.42277653346892,0.505467157502057,6.08275116870022,1
"2295",-82.5844,35.6062,"2020-05-06 21:00:00",0.8,4.28917126127412,0.716010733479506,2.88579022365429,5.69255229889395,0
"2296",-82.5844,35.6062,"2020-05-06 22:00:00",4.8,2.40911180818961,2.25081669121563,-2.00248890659302,6.82071252297225,1
"2297",-82.5844,35.6062,"2020-05-06 23:00:00",4.9,3.84697235628214,1.00586995912904,1.87546723638922,5.81847747617506,1
"2298",-82.5844,35.6062,"2020-05-07 00:00:00",2.9,2.90439603546418,0.940980352889257,1.06007454380124,4.74871752712712,1
"2299",-82.5844,35.6062,"2020-05-07 01:00:00",3,5.04272710066799,1.24395198811222,2.60458120396804,7.48087299736794,1
"2300",-82.5844,35.6062,"2020-05-07 02:00:00",3,4.49803063672547,0.928440486125938,2.67828728391863,6.31777398953231,1
"2301",-82.5844,35.6062,"2020-05-07 03:00:00",5.9,3.66146180184867,0.905062610493004,1.88753908528238,5.43538451841496,0
"2302",-82.5844,35.6062,"2020-05-07 04:00:00",2,3.89312646733155,1.52118066142609,0.911612370936413,6.87464056372669,1
"2303",-82.5844,35.6062,"2020-05-07 05:00:00",2,5.08895858868327,1.55739713476284,2.0364602045481,8.14145697281844,0
"2304",-82.5844,35.6062,"2020-05-07 08:00:00",3.9,5.18393535392214,2.26190225190426,0.75060694018979,9.61726376765449,1
"2305",-82.5844,35.6062,"2020-05-07 09:00:00",4.9,1.74991698182789,5.28653444218296,-8.61169052485071,12.1115244885065,1
"2306",-82.5844,35.6062,"2020-05-07 10:00:00",4,5.25089938948044,1.44310194112418,2.42241958487705,8.07937919408383,1
"2307",-82.5844,35.6062,"2020-05-07 11:00:00",4,4.74628000282849,1.02701467119623,2.73333124728388,6.7592287583731,1
"2308",-82.5844,35.6062,"2020-05-07 12:00:00",2,5.64036633111873,0.477126474916443,4.7051984402825,6.57553422195496,0
"2309",-82.5844,35.6062,"2020-05-07 13:00:00",2.9,5.48317251089763,1.05510483476725,3.41516703475382,7.55117798704144,0
"2310",-82.5844,35.6062,"2020-05-07 14:00:00",3,5.35597939094229,0.576945857587173,4.22516551007143,6.48679327181315,0
"2311",-82.5844,35.6062,"2020-05-07 15:00:00",2,4.99480675565914,0.729347319763993,3.56528600892171,6.42432750239657,0
"2312",-82.5844,35.6062,"2020-05-07 16:00:00",2,4.74828048809332,0.94093093373111,2.90405585798034,6.5925051182063,0
"2313",-82.5844,35.6062,"2020-05-07 17:00:00",1,4.60433525546502,1.11110889458917,2.42656182207025,6.78210868885979,0
"2314",-82.5844,35.6062,"2020-05-07 18:00:00",2.9,6.04897646911333,1.18869141543155,3.71914129486749,8.37881164335917,0
"2315",-82.5844,35.6062,"2020-05-07 20:00:00",0.9,6.69778469255303,3.03366267639008,0.751805846828474,12.6437635382776,1
"2316",-82.5844,35.6062,"2020-05-07 21:00:00",7.9,5.96408572660548,1.73363794614193,2.5661553521673,9.36201610104366,1
"2317",-82.5844,35.6062,"2020-05-07 22:00:00",7,6.62020356752483,1.85763181052496,2.97924521889591,10.2611619161538,1
"2318",-82.5844,35.6062,"2020-05-07 23:00:00",6,6.72259820431415,1.88801795147063,3.02208301943172,10.4231133891966,1
"7309",-80.851473,35.281791,"2020-05-01 00:00:00",2,3.5810343840695,0.407277359795918,2.7827707588695,4.3792980092695,0
"7310",-80.851473,35.281791,"2020-05-01 01:00:00",1,1.47522110314965,0.524607959280134,0.446989502960587,2.50345270333871,1
"7311",-80.851473,35.281791,"2020-05-01 02:00:00",4,2.38795344334194,0.591204329592943,1.22919295733977,3.54671392934411,0
"7312",-80.851473,35.281791,"2020-05-01 03:00:00",3,2.69818842857135,0.648435912983786,1.42725403912313,3.96912281801957,1
"7313",-80.851473,35.281791,"2020-05-01 04:00:00",1,2.699913763772,0.710080263968435,1.30815644639387,4.09167108115013,0
"7314",-80.851473,35.281791,"2020-05-01 05:00:00",2,2.33288408815729,0.318422668692439,1.70877565752011,2.95699251879447,1
"7315",-80.851473,35.281791,"2020-05-01 06:00:00",3,3.68136529022045,0.375306411837794,2.94576472301837,4.41696585742253,1
"7316",-80.851473,35.281791,"2020-05-01 07:00:00",4,3.80511716034551,0.513791980619543,2.79808487833121,4.81214944235981,1
"7317",-80.851473,35.281791,"2020-05-01 08:00:00",4,3.82051731531982,0.419057694738443,2.99916423363247,4.64187039700717,1
"7318",-80.851473,35.281791,"2020-05-01 09:00:00",1,2.95164865441476,0.81799904845858,1.34837051943594,4.55492678939358,0
"7319",-80.851473,35.281791,"2020-05-01 10:00:00",4,3.64028750013399,0.441432382711475,2.7750800300195,4.50549497024848,1
"7320",-80.851473,35.281791,"2020-05-01 11:00:00",1,3.71292244338093,0.793231902108928,2.15818791524743,5.26765697151443,0
"7321",-80.851473,35.281791,"2020-05-01 12:00:00",4,2.53206488100952,0.579312923916325,1.39661155013352,3.66751821188552,0
"7322",-80.851473,35.281791,"2020-05-01 13:00:00",3,2.90163988296116,1.23174381500905,0.487422005543422,5.3158577603789,1
"7323",-80.851473,35.281791,"2020-05-01 14:00:00",2,3.00441133224689,0.499686499611358,2.02502579300863,3.98379687148515,0
"7324",-80.851473,35.281791,"2020-05-01 15:00:00",3,3.33713525790585,0.565746294038606,2.22827252159018,4.44599799422152,1
"7325",-80.851473,35.281791,"2020-05-01 16:00:00",1,2.49825716499906,0.494252912733794,1.52952145604082,3.4669928739573,0
"7326",-80.851473,35.281791,"2020-05-01 18:00:00",4,2.77576006967382,0.283316209278961,2.22046029948706,3.33105983986058,0
"7327",-80.851473,35.281791,"2020-05-01 20:00:00",3,5.38514565176823,0.655621628435146,4.10012726003534,6.67016404350112,0
"7328",-80.851473,35.281791,"2020-05-01 21:00:00",4,5.51831529920292,0.569918028893509,4.40127596257164,6.6353546358342,0
"7329",-80.851473,35.281791,"2020-05-01 22:00:00",8,5.49921463588145,0.451336575518871,4.61459494786446,6.38383432389844,0
"7330",-80.851473,35.281791,"2020-05-01 23:00:00",4,5.97215235588923,0.427728779227541,5.13380394860325,6.81050076317521,0
"7331",-80.851473,35.281791,"2020-05-02 00:00:00",4,5.10389890211127,0.537101729046812,4.05117951317952,6.15661829104302,0
"7332",-80.851473,35.281791,"2020-05-02 01:00:00",3,5.03496596633378,0.293983990979125,4.45875734401469,5.61117458865287,0
"7333",-80.851473,35.281791,"2020-05-02 02:00:00",15,6.14345976949111,0.623992425756518,4.92043461500833,7.36648492397389,0
"7334",-80.851473,35.281791,"2020-05-02 03:00:00",13,5.57231799887626,0.439023424357048,4.71183208713645,6.43280391061607,0
"7335",-80.851473,35.281791,"2020-05-02 04:00:00",5,4.73212543979194,0.336715789814397,4.07216249175572,5.39208838782816,1
"7336",-80.851473,35.281791,"2020-05-02 05:00:00",2,4.46538857310975,0.431513114885014,3.61962286793512,5.31115427828438,0
"7337",-80.851473,35.281791,"2020-05-02 06:00:00",4,4.49500521465309,0.318595073978779,3.87055886965468,5.1194515596515,1
"7338",-80.851473,35.281791,"2020-05-02 07:00:00",5,5.57575852608866,0.568831354360514,4.46084907154205,6.69066798063527,1
"7339",-80.851473,35.281791,"2020-05-02 08:00:00",10,7.19083063342539,0.655535332683851,5.90598138136504,8.47567988548574,0
"7340",-80.851473,35.281791,"2020-05-02 09:00:00",7,3.92027402468333,0.779415330939843,2.39261997604124,5.44792807332542,0
"7341",-80.851473,35.281791,"2020-05-02 10:00:00",6,4.74125239344051,0.489466336696693,3.78189837351499,5.70060641336603,0
"7342",-80.851473,35.281791,"2020-05-02 11:00:00",8,5.09888958603012,0.376885931987728,4.36019315933417,5.83758601272607,0
"7343",-80.851473,35.281791,"2020-05-02 12:00:00",4,4.75374574821104,0.213430853452096,4.33542127544493,5.17207022097715,0
"7344",-80.851473,35.281791,"2020-05-02 13:00:00",4,4.2900613672975,0.300704094721148,3.70068134164405,4.87944139295095,1
"7345",-80.851473,35.281791,"2020-05-02 14:00:00",8,6.0042764946518,0.339890385369895,5.33809133932681,6.67046164997679,0
"7346",-80.851473,35.281791,"2020-05-02 15:00:00",8,4.10531236357157,0.503502473360666,3.11844751578466,5.09217721135848,0
"7347",-80.851473,35.281791,"2020-05-02 16:00:00",5,6.46180318463331,0.89398144216517,4.70959955798958,8.21400681127704,1
"7348",-80.851473,35.281791,"2020-05-02 17:00:00",6,7.54332738210662,1.23321050001257,5.12623480208198,9.96041996213126,1
"7349",-80.851473,35.281791,"2020-05-02 18:00:00",6,6.63336234354726,0.795098452480813,5.07496937668487,8.19175531040965,1
"7350",-80.851473,35.281791,"2020-05-02 19:00:00",2,7.26394334211009,0.521813730816194,6.24118842971035,8.28669825450983,0
"7351",-80.851473,35.281791,"2020-05-02 20:00:00",2,11.2838757786219,1.84539908118663,7.6668935794961,14.9008579777477,0
"7352",-80.851473,35.281791,"2020-05-02 21:00:00",6,16.3819477713609,0.696213541484052,15.0173692300522,17.7465263126696,0
"7353",-80.851473,35.281791,"2020-05-02 22:00:00",12,10.995506824016,0.24789613736727,10.5096303947761,11.4813832532558,0
"7354",-80.851473,35.281791,"2020-05-02 23:00:00",9,11.9898378993227,0.436787070481812,11.1337352411783,12.8459405574671,0
"7355",-80.851473,35.281791,"2020-05-03 00:00:00",8,10.7402600992141,0.621140788228331,9.52282415428657,11.9576960441416,0
"7356",-80.851473,35.281791,"2020-05-03 01:00:00",10,11.3838432470297,0.541786868546239,10.3219409846791,12.4457455093803,0
"7357",-80.851473,35.281791,"2020-05-03 02:00:00",10,9.37411574428996,0.532012322013623,8.33137159314326,10.4168598954367,1
"7358",-80.851473,35.281791,"2020-05-03 03:00:00",10,10.67772197226,0.547838088995764,9.6039593178283,11.7514846266917,1
"7359",-80.851473,35.281791,"2020-05-03 04:00:00",12,9.94597812125627,0.405090133320967,9.15200145994717,10.7399547825654,0
"7360",-80.851473,35.281791,"2020-05-03 05:00:00",8,10.2148826678134,0.401362311701276,9.4282125368789,11.0015527987479,0
"7361",-80.851473,35.281791,"2020-05-03 06:00:00",13,8.35422133612186,0.873955164742568,6.64126921322643,10.0671734590173,0
"7362",-80.851473,35.281791,"2020-05-03 07:00:00",10,11.0877170912654,0.332282902979877,10.4364426014248,11.738991581106,0
"7363",-80.851473,35.281791,"2020-05-03 08:00:00",15,11.4899867790804,0.45387935645165,10.6003832404352,12.3795903177256,0
"7364",-80.851473,35.281791,"2020-05-03 09:00:00",11,10.5495185493417,0.433228663678318,9.7003903685322,11.3986467301512,1
"7365",-80.851473,35.281791,"2020-05-03 10:00:00",11,8.01946711454341,0.621504158117967,6.80131896463219,9.23761526445463,0
"7366",-80.851473,35.281791,"2020-05-03 11:00:00",13,10.0469022962857,0.554353496380611,8.9603694433797,11.1334351491917,0
"7367",-80.851473,35.281791,"2020-05-03 12:00:00",9,11.2007667310047,0.51431906281023,10.1927013678966,12.2088320941128,0
"7368",-80.851473,35.281791,"2020-05-03 13:00:00",10,10.9774410292784,0.485626477210568,10.0256131339457,11.9292689246111,0
"7369",-80.851473,35.281791,"2020-05-03 14:00:00",12,10.6373512160649,0.382387322864387,9.8878720632507,11.3868303688791,0
"7370",-80.851473,35.281791,"2020-05-03 15:00:00",11,8.41489925149334,0.564325454266112,7.30882136113176,9.52097714185492,0
"7371",-80.851473,35.281791,"2020-05-03 16:00:00",8,8.13162746998999,0.450332461162392,7.2489758461117,9.01427909386828,1
"7372",-80.851473,35.281791,"2020-05-03 17:00:00",7,8.68227984607523,0.343584888922839,8.00885346378647,9.355706228364,0
"7373",-80.851473,35.281791,"2020-05-03 18:00:00",9,9.11115133224441,0.345228717167623,8.43450304659587,9.78779961789295,1
"7374",-80.851473,35.281791,"2020-05-03 19:00:00",10,8.42402879696798,0.493577061731874,7.45661775597351,9.39143983796245,0
"7375",-80.851473,35.281791,"2020-05-03 20:00:00",9,8.9242504576467,0.525966618331392,7.89335588571717,9.95514502957623,1
"7376",-80.851473,35.281791,"2020-05-03 21:00:00",12,9.54856416344677,0.443625945104599,8.67905731104176,10.4180710158518,0
"7377",-80.851473,35.281791,"2020-05-03 22:00:00",9,8.54892266705259,0.50286443000002,7.56330838425255,9.53453694985263,1
"7378",-80.851473,35.281791,"2020-05-03 23:00:00",10,6.78627016571768,0.448975367223595,5.90627844595943,7.66626188547593,0
"7379",-80.851473,35.281791,"2020-05-04 00:00:00",5,9.10929519589751,0.403436008436479,8.31856061936201,9.90002977243301,0
"7380",-80.851473,35.281791,"2020-05-04 01:00:00",9,5.87110816735487,0.907793134192518,4.09183362433753,7.65038271037221,0
"7381",-80.851473,35.281791,"2020-05-04 02:00:00",3,6.01317550223457,0.456815077367567,5.11781795059414,6.908533053875,0
"7382",-80.851473,35.281791,"2020-05-04 03:00:00",5,7.64187864901558,0.752558221047406,6.16686453576266,9.1168927622685,0
"7383",-80.851473,35.281791,"2020-05-04 04:00:00",4,5.51559097865861,0.580339289002804,4.37812597221311,6.65305598510411,0
"7384",-80.851473,35.281791,"2020-05-04 05:00:00",2,5.31590410312135,0.444047376766079,4.44557124465984,6.18623696158286,0
"7385",-80.851473,35.281791,"2020-05-04 06:00:00",4,4.4159890428847,0.508533021029521,3.41926432166684,5.41271376410256,1
"7386",-80.851473,35.281791,"2020-05-04 07:00:00",8,5.41483846980292,0.470235466640737,4.49317695518708,6.33649998441876,0
"7387",-80.851473,35.281791,"2020-05-04 08:00:00",6,5.32157584717614,0.405415616709177,4.52696123842615,6.11619045592613,1
"7388",-80.851473,35.281791,"2020-05-04 09:00:00",8,5.03627128052665,0.385766734564283,4.28016848078066,5.79237408027265,0
"7389",-80.851473,35.281791,"2020-05-04 10:00:00",5,5.01554778527422,0.442381970919832,4.14847912227135,5.88261644827709,1
"7390",-80.851473,35.281791,"2020-05-04 11:00:00",7,5.96542897651781,0.369937524425877,5.24035142864309,6.69050652439253,0
"7391",-80.851473,35.281791,"2020-05-04 12:00:00",5,6.88422465102129,0.426033309246482,6.04919936489819,7.71924993714439,0
"7392",-80.851473,35.281791,"2020-05-04 13:00:00",6,3.65952333801555,1.03200451548212,1.63679448767059,5.68225218836051,0
"7393",-80.851473,35.281791,"2020-05-04 14:00:00",7,5.21277248376574,0.530485695175896,4.17302052122098,6.2525244463105,0
"7394",-80.851473,35.281791,"2020-05-04 15:00:00",2,4.72663004794685,0.297010463394425,4.14448953969378,5.30877055619992,0
"7395",-80.851473,35.281791,"2020-05-04 16:00:00",5,5.64842588586921,0.570255063816312,4.53072596078924,6.76612581094918,1
"7396",-80.851473,35.281791,"2020-05-04 17:00:00",3,5.80925480725908,0.360665775592044,5.10234988709867,6.51615972741949,0
"7397",-80.851473,35.281791,"2020-05-04 18:00:00",4,6.35042711092554,0.440028624074287,5.48797100773994,7.21288321411114,0
"7398",-80.851473,35.281791,"2020-05-04 20:00:00",8,15.8546878260888,1.25799902834118,13.3890097305401,18.3203659216375,0
"7399",-80.851473,35.281791,"2020-05-04 21:00:00",14,13.5883893441945,0.635557342642181,12.3426969526158,14.8340817357732,1
"7400",-80.851473,35.281791,"2020-05-04 22:00:00",13,12.2707039303428,0.838260859366192,10.6277126459851,13.9136952147005,1
"7401",-80.851473,35.281791,"2020-05-04 23:00:00",14,10.6276079132966,0.43578079059446,9.77347756373146,11.4817382628617,0
"7402",-80.851473,35.281791,"2020-05-05 00:00:00",11,8.26198165600786,0.277764095686159,7.71756402846299,8.80639928355273,0
"7403",-80.851473,35.281791,"2020-05-05 01:00:00",13,7.99307497405816,0.513990571022505,6.98565345485405,9.00049649326227,0
"7404",-80.851473,35.281791,"2020-05-05 02:00:00",13,7.28776171894412,0.388500011996648,6.52630169543069,8.04922174245755,0
"7405",-80.851473,35.281791,"2020-05-05 03:00:00",8,8.19558095225579,0.657856265341829,6.90618267218581,9.48497923232578,1
"7406",-80.851473,35.281791,"2020-05-05 04:00:00",9,6.37706674546631,0.523120723899918,5.35175012662247,7.40238336431015,0
"7407",-80.851473,35.281791,"2020-05-05 05:00:00",8,5.74513021700832,0.889133985453782,4.00242760551891,7.48783282849773,0
"7408",-80.851473,35.281791,"2020-05-05 06:00:00",8,4.73660020022695,0.518911998747097,3.71953268268264,5.75366771777126,0
"7409",-80.851473,35.281791,"2020-05-05 07:00:00",7,6.66191082130949,0.379811117446902,5.91748103111356,7.40634061150542,1
"7410",-80.851473,35.281791,"2020-05-05 08:00:00",2,7.36590220724082,0.466706791093129,6.45115689669829,8.28064751778335,0
"7411",-80.851473,35.281791,"2020-05-05 09:00:00",12,8.7860805732069,0.598595926550948,7.61283255716704,9.95932858924676,0
"7412",-80.851473,35.281791,"2020-05-05 10:00:00",9,7.71877223194979,0.6382061143968,6.46788824773206,8.96965621616752,0
"7413",-80.851473,35.281791,"2020-05-05 11:00:00",15,9.19149240364252,0.876433933086294,7.47368189479338,10.9093029124917,0
"7414",-80.851473,35.281791,"2020-05-05 12:00:00",7,8.28509037403436,0.90746917042389,6.50645080000353,10.0637299480652,1
"7415",-80.851473,35.281791,"2020-05-05 13:00:00",11,8.26678166501425,1.31404898106856,5.69124566211987,10.8423176679086,0
"7416",-80.851473,35.281791,"2020-05-05 14:00:00",9,15.7228215006292,0.990374464927224,13.7816875493718,17.6639554518866,0
"7417",-80.851473,35.281791,"2020-05-05 15:00:00",19,9.17030440831587,1.16677692456895,6.88342163616073,11.457187180471,0
"7418",-80.851473,35.281791,"2020-05-05 16:00:00",15,13.8774344043641,0.547136048234959,12.8050477498236,14.9498210589046,0
"7419",-80.851473,35.281791,"2020-05-05 17:00:00",13,13.5656381436987,0.593088782170321,12.4031841306449,14.7280921567525,1
"7420",-80.851473,35.281791,"2020-05-05 18:00:00",12,14.1530466809397,0.681686759239675,12.8169406328299,15.4891527290495,0
"7421",-80.851473,35.281791,"2020-05-05 19:00:00",8,13.4815017439912,1.18100839382383,11.1667252920965,15.7962781958859,0
"7422",-80.851473,35.281791,"2020-05-05 20:00:00",18,14.3078751462754,0.690303257217354,12.9548807621294,15.6608695304214,0
"7423",-80.851473,35.281791,"2020-05-05 21:00:00",14,11.252922995739,0.531250290634076,10.2116724260962,12.2941735653818,0
"7424",-80.851473,35.281791,"2020-05-05 22:00:00",14,10.0732965444439,0.569570885932728,8.95693760801575,11.189655480872,0
"7425",-80.851473,35.281791,"2020-05-05 23:00:00",18,13.3318554132969,1.42153397516952,10.5456488219646,16.1180620046292,0
"7426",-80.851473,35.281791,"2020-05-06 00:00:00",14,12.6648714487864,0.457268724362542,11.7686247490358,13.561118148537,0
"7427",-80.851473,35.281791,"2020-05-06 01:00:00",10,8.14052520852893,0.687131531269671,6.79374740724037,9.48730300981748,0
"7428",-80.851473,35.281791,"2020-05-06 02:00:00",8,7.68144945016663,0.605553697449412,6.49456420316578,8.86833469716748,1
"7429",-80.851473,35.281791,"2020-05-06 03:00:00",9,8.45264521943398,0.924037410659334,6.64153189454169,10.2637585443263,1
"7430",-80.851473,35.281791,"2020-05-06 04:00:00",6,8.89412148658332,0.611192068789027,7.69618503175683,10.0920579414098,0
"7431",-80.851473,35.281791,"2020-05-06 05:00:00",9,8.32903632652089,0.761378481774564,6.83673450224275,9.82133815079904,1
"7432",-80.851473,35.281791,"2020-05-06 06:00:00",8,7.80686150447429,1.18894747869003,5.47652444624183,10.1371985627068,1
"7433",-80.851473,35.281791,"2020-05-06 07:00:00",9,7.15713173353979,0.758508490793714,5.67045509158411,8.64380837549547,0
"7434",-80.851473,35.281791,"2020-05-06 08:00:00",6,6.31327975893202,0.599036740917962,5.13916774673281,7.48739177113123,1
"7435",-80.851473,35.281791,"2020-05-06 09:00:00",4,4.89304622063004,0.554552177514595,3.80612395270143,5.97996848855865,1
"7436",-80.851473,35.281791,"2020-05-06 10:00:00",4,5.47437820442279,0.422479826307493,4.6463177448601,6.30243866398548,0
"7437",-80.851473,35.281791,"2020-05-06 11:00:00",2,4.33892732903702,0.701860856483713,2.96328005032894,5.7145746077451,0
"7438",-80.851473,35.281791,"2020-05-06 12:00:00",6,3.26990134608098,1.01419686782018,1.28207548515343,5.25772720700853,0
"7439",-80.851473,35.281791,"2020-05-06 13:00:00",1,4.15084734450742,0.394611320585521,3.3774091561598,4.92428553285504,0
"7440",-80.851473,35.281791,"2020-05-06 14:00:00",9,3.16008601991627,0.588652507482844,2.0063271052499,4.31384493458264,0
"7441",-80.851473,35.281791,"2020-05-06 17:00:00",7,1.65570387229268,0.912408551817099,-0.132616889268834,3.44402463385419,0
"7442",-80.851473,35.281791,"2020-05-06 18:00:00",2,2.92374648396011,0.447992981945783,2.04568023934638,3.80181272857384,0
"7443",-80.851473,35.281791,"2020-05-06 19:00:00",1,3.16678265569213,0.327162105522941,2.52554492886717,3.80802038251709,0
"7444",-80.851473,35.281791,"2020-05-06 20:00:00",1,2.34799180436085,0.701790775800444,0.97248188379198,3.72350172492972,1
"7445",-80.851473,35.281791,"2020-05-06 21:00:00",4,2.9368819634668,0.965860507514238,1.04379536873889,4.82996855819471,1
"7446",-80.851473,35.281791,"2020-05-06 23:00:00",3,3.57067470108084,0.614335858606306,2.36657641821248,4.7747729839492,1
"7447",-80.851473,35.281791,"2020-05-07 01:00:00",5,4.76454143882252,0.588255437249924,3.61156078181267,5.91752209583237,1
"7448",-80.851473,35.281791,"2020-05-07 02:00:00",4,3.24098115253185,0.431422892983534,2.39539228228412,4.08657002277958,1
"7449",-80.851473,35.281791,"2020-05-07 03:00:00",3,5.64391272271047,0.545046825984919,4.57562094378003,6.71220450164091,0
"7450",-80.851473,35.281791,"2020-05-07 04:00:00",5,4.27693090968947,0.409052219512492,3.47518855944499,5.07867325993395,1
"7451",-80.851473,35.281791,"2020-05-07 05:00:00",4,4.14097008752008,0.44583040476337,3.26714249418387,5.01479768085629,1
"7452",-80.851473,35.281791,"2020-05-07 06:00:00",5,6.59843487167621,1.23311978415291,4.18152009473651,9.01534964861591,1
"7453",-80.851473,35.281791,"2020-05-07 07:00:00",8,4.94474464223223,0.469256808140436,4.02500129827698,5.86448798618749,0
"7454",-80.851473,35.281791,"2020-05-07 08:00:00",8,6.49161831212511,1.11664901404765,4.30298624459172,8.6802503796585,1
"7455",-80.851473,35.281791,"2020-05-07 09:00:00",4,5.76073091140979,0.800051405667615,4.19263015630126,7.32883166651832,0
"7456",-80.851473,35.281791,"2020-05-07 10:00:00",2,3.96630210174846,0.359525493855872,3.26163213379095,4.67097206970597,0
"7457",-80.851473,35.281791,"2020-05-07 11:00:00",5,4.76390708330939,0.514788474828601,3.75492167264533,5.77289249397345,1
"7458",-80.851473,35.281791,"2020-05-07 12:00:00",5,3.67820510241884,0.493254773312102,2.71142574672712,4.64498445811056,0
"7459",-80.851473,35.281791,"2020-05-07 13:00:00",3,2.1760634188197,1.07217309114281,0.0746041601797924,4.27752267745961,1
"7460",-80.851473,35.281791,"2020-05-07 14:00:00",5,4.63447740633303,0.492270762102346,3.66962671261243,5.59932810005363,1
"7461",-80.851473,35.281791,"2020-05-07 15:00:00",5,4.9175936641242,0.756276409383151,3.43529190173322,6.39989542651518,1
"7462",-80.851473,35.281791,"2020-05-07 16:00:00",6,4.08672944759277,0.652595436335245,2.80764239237569,5.36581650280985,0
"7463",-80.851473,35.281791,"2020-05-07 17:00:00",5,6.00253223774265,0.497292831872558,5.02783828727244,6.97722618821286,0
"7464",-80.851473,35.281791,"2020-05-07 18:00:00",8,5.22501634917234,0.483586425606046,4.27718695498449,6.17284574336019,0
"7465",-80.851473,35.281791,"2020-05-07 20:00:00",4,17.1624750650975,6.86602808307307,3.70506002227428,30.6198901079207,1
"7466",-80.851473,35.281791,"2020-05-07 21:00:00",3,8.69591859454879,1.60860928502583,5.54304439589816,11.8487927931994,0
"7467",-80.851473,35.281791,"2020-05-07 22:00:00",7,9.99156901011944,1.02210947826296,7.98823443272404,11.9949035875148,0
"7468",-80.851473,35.281791,"2020-05-07 23:00:00",8,12.8033313068806,1.08793123474653,10.6709860867774,14.9356765269838,0
"14291",-80.342,36.026,"2020-05-01 00:00:00",3,2.9984913424835,0.424449350601954,2.16657061530367,3.83041206966333,1
"14292",-80.342,36.026,"2020-05-01 01:00:00",3,1.42198804484961,0.387247057059648,0.6629838130127,2.18099227668652,0
"14293",-80.342,36.026,"2020-05-01 02:00:00",3.1,2.46641709063061,0.815492395847725,0.868051994769069,4.06478218649215,1
"14294",-80.342,36.026,"2020-05-01 03:00:00",3,2.37261863838193,0.487370686571842,1.41737209270112,3.32786518406274,1
"14295",-80.342,36.026,"2020-05-01 04:00:00",2.6,2.93579893311199,0.362950524148592,2.22441590578075,3.64718196044323,1
"14296",-80.342,36.026,"2020-05-01 05:00:00",2.5,1.99911130643011,0.311317174468845,1.38892964447117,2.60929296838905,1
"14297",-80.342,36.026,"2020-05-01 06:00:00",2.6,2.29685122914176,0.404259564756501,1.50450248221902,3.0891999760645,1
"14298",-80.342,36.026,"2020-05-01 07:00:00",3.1,2.44377439689729,0.341775091052264,1.77389521843485,3.11365357535973,1
"14299",-80.342,36.026,"2020-05-01 08:00:00",3.7,3.30502324045102,0.39645592123292,2.5279696348345,4.08207684606754,1
"14300",-80.342,36.026,"2020-05-01 09:00:00",4.1,2.59249454975803,0.602498737053182,1.41159702513379,3.77339207438227,0
"14301",-80.342,36.026,"2020-05-01 10:00:00",3.4,2.28384595204434,0.436850395356069,1.42761917714645,3.14007272694224,0
"14302",-80.342,36.026,"2020-05-01 11:00:00",1.7,3.09038174532816,0.328242876087815,2.44702570819604,3.73373778246028,0
"14303",-80.342,36.026,"2020-05-01 12:00:00",1.2,2.95015976661268,0.52561442361406,1.91995549632912,3.98036403689624,0
"14304",-80.342,36.026,"2020-05-01 13:00:00",1.2,1.50485651730354,0.833094975665624,-0.128009635001083,3.13772266960816,1
"14305",-80.342,36.026,"2020-05-01 14:00:00",1.3,2.94802943910537,0.298124562366385,2.36370529686726,3.53235358134348,0
"14306",-80.342,36.026,"2020-05-01 15:00:00",1.5,2.26053220591297,0.346064008683052,1.58224674889419,2.93881766293175,0
"14307",-80.342,36.026,"2020-05-01 16:00:00",1.7,2.03838500285909,0.317867057425198,1.4153655703057,2.66140443541248,1
"14308",-80.342,36.026,"2020-05-01 17:00:00",2.2,3.01404790280641,0.156355949808447,2.70759024118185,3.32050556443097,0
"14309",-80.342,36.026,"2020-05-01 18:00:00",3.4,2.14614915481258,0.313908957076436,1.53088759894277,2.76141071068239,0
"14310",-80.342,36.026,"2020-05-01 19:00:00",4,2.8126546271531,0.437381453433881,1.95538697842269,3.66992227588351,0
"14311",-80.342,36.026,"2020-05-01 20:00:00",4.5,2.81672106769078,0.379786048481692,2.07234041266666,3.5611017227149,0
"14312",-80.342,36.026,"2020-05-01 21:00:00",4,3.65969652087106,0.229984952209248,3.20892601454093,4.11046702720119,1
"14313",-80.342,36.026,"2020-05-01 22:00:00",3.6,7.77516110330785,1.49059188541075,4.85360100790278,10.6967211987129,0
"14314",-80.342,36.026,"2020-05-01 23:00:00",3.8,4.78722616795851,0.445755327028038,3.91354572698356,5.66090660893346,0
"14315",-80.342,36.026,"2020-05-02 00:00:00",4.3,3.6195048434653,0.487934629618106,2.66315296941381,4.57585671751679,1
"14316",-80.342,36.026,"2020-05-02 01:00:00",4,5.19150046972713,0.314335910242739,4.57540208565136,5.8075988538029,0
"14317",-80.342,36.026,"2020-05-02 02:00:00",3.7,4.36954707704757,0.251420322984715,3.87676324399753,4.86233091009761,0
"14318",-80.342,36.026,"2020-05-02 03:00:00",3.6,3.33690051900489,0.420394073254365,2.51292813542633,4.16087290258345,1
"14319",-80.342,36.026,"2020-05-02 04:00:00",3.6,2.83209334223372,0.411258283321921,2.02602710692276,3.63815957754468,1
"14320",-80.342,36.026,"2020-05-02 05:00:00",3.9,3.9020779352339,0.297414698131018,3.3191451268971,4.4850107435707,1
"14321",-80.342,36.026,"2020-05-02 06:00:00",4,3.69986364577128,0.226493806429498,3.25593578516946,4.1437915063731,1
"14322",-80.342,36.026,"2020-05-02 07:00:00",3.6,3.57208164217664,1.10801466708347,1.40037289469304,5.74379038966024,1
"14323",-80.342,36.026,"2020-05-02 08:00:00",3.8,4.11821557745174,0.664631139545125,2.81553854394329,5.42089261096018,1
"14324",-80.342,36.026,"2020-05-02 09:00:00",3.4,3.69116707611848,0.40454928622368,2.89825047512007,4.48408367711689,1
"14325",-80.342,36.026,"2020-05-02 10:00:00",3.5,3.43968296407751,0.460965226713645,2.53619111971877,4.34317480843625,1
"14326",-80.342,36.026,"2020-05-02 11:00:00",3.6,4.15041636797281,0.318742170774564,3.52568171325466,4.77515102269096,1
"14327",-80.342,36.026,"2020-05-02 12:00:00",4,3.56539305368736,0.233050046759368,3.108614962039,4.02217114533572,1
"14328",-80.342,36.026,"2020-05-02 13:00:00",4.3,3.55154560775079,0.200761275854813,3.15805350707536,3.94503770842622,0
"14329",-80.342,36.026,"2020-05-02 14:00:00",4.3,3.92158981124019,0.349603904866254,3.23636615770233,4.60681346477805,1
"14330",-80.342,36.026,"2020-05-02 15:00:00",4.4,4.65363969517385,0.238145030937891,4.18687543453558,5.12040395581212,1
"14331",-80.342,36.026,"2020-05-02 16:00:00",4.4,3.25069171522416,0.776487094058676,1.72877701086916,4.77260641957916,1
"14332",-80.342,36.026,"2020-05-02 17:00:00",5,1.90464162998667,0.911200368566179,0.118688907596959,3.69059435237638,0
"14333",-80.342,36.026,"2020-05-02 18:00:00",5.7,5.78166945914584,0.386635664358209,5.02386355700375,6.53947536128793,1
"14334",-80.342,36.026,"2020-05-02 19:00:00",6.2,6.51959117848853,0.575606657838699,5.39140212912468,7.64778022785238,1
"14335",-80.342,36.026,"2020-05-02 20:00:00",8.2,8.36968039579502,0.814700044440257,6.77286830869212,9.96649248289792,1
"14336",-80.342,36.026,"2020-05-02 21:00:00",13.2,9.47986242259708,0.220464063277962,9.04775285857227,9.91197198662189,0
"14337",-80.342,36.026,"2020-05-02 22:00:00",15.5,8.4640423923225,0.414093992176857,7.65241816765586,9.27566661698914,0
"14338",-80.342,36.026,"2020-05-02 23:00:00",15.1,10.2289666275957,0.262149347469833,9.71515390655483,10.7427793486366,0
"14339",-80.342,36.026,"2020-05-03 00:00:00",16.3,10.4924190098323,0.761094074772877,9.00067462327746,11.9841633963871,0
"14340",-80.342,36.026,"2020-05-03 01:00:00",14.4,12.3054929535107,0.639713572340024,11.0516543517243,13.5593315552971,0
"14341",-80.342,36.026,"2020-05-03 02:00:00",14.5,11.1187318380073,0.797316718262363,9.55599107021307,12.6814726058015,0
"14342",-80.342,36.026,"2020-05-03 03:00:00",13.6,10.876854469887,0.628324422148049,9.64533860247682,12.1083703372972,0
"14343",-80.342,36.026,"2020-05-03 04:00:00",13.7,11.2850616713986,0.726314004281676,9.86148622300651,12.7086371197907,0
"14344",-80.342,36.026,"2020-05-03 05:00:00",14,11.6920080901504,0.860203207205559,10.0060098040275,13.3780063762733,0
"14345",-80.342,36.026,"2020-05-03 06:00:00",13.5,9.8916063548149,0.719322228567266,8.48173478682306,11.3014779228067,0
"14346",-80.342,36.026,"2020-05-03 07:00:00",11.8,9.73650033918101,0.355159241147007,9.04038822653288,10.4326124518291,0
"14347",-80.342,36.026,"2020-05-03 08:00:00",10.5,9.28269785840359,0.380083490851195,8.53773421633525,10.0276615004719,0
"14348",-80.342,36.026,"2020-05-03 09:00:00",9.9,9.92361340788745,0.43087966921473,9.07908925622658,10.7681375595483,1
"14349",-80.342,36.026,"2020-05-03 10:00:00",9.9,9.05535285655234,0.360946087392999,8.34789852526206,9.76280718784262,0
"14350",-80.342,36.026,"2020-05-03 11:00:00",9.6,8.811709967493,0.498818495539127,7.83402571623631,9.78939421874969,1
"14351",-80.342,36.026,"2020-05-03 12:00:00",8.9,8.17918567913155,0.545841118694435,7.10933708649046,9.24903427177264,1
"14352",-80.342,36.026,"2020-05-03 13:00:00",9,7.9010191824289,0.402867214087611,7.11139944281718,8.69063892204062,0
"14353",-80.342,36.026,"2020-05-03 14:00:00",9,8.01568407921713,0.256464891468049,7.51301289193975,8.51835526649451,0
"14354",-80.342,36.026,"2020-05-03 15:00:00",9.1,8.51411564400399,0.472884198531541,7.58726261488217,9.44096867312581,1
"14355",-80.342,36.026,"2020-05-03 16:00:00",9.1,8.70263325147606,0.497199728472522,7.72812178366992,9.6771447192822,1
"14356",-80.342,36.026,"2020-05-03 17:00:00",9,8.48722730280767,0.335059124065647,7.830511419639,9.14394318597634,1
"14357",-80.342,36.026,"2020-05-03 18:00:00",9.9,8.32780258172133,0.283639376360926,7.77186940405392,8.88373575938875,0
"14358",-80.342,36.026,"2020-05-03 19:00:00",9.9,9.04545833829233,0.466547479524489,8.13102527842433,9.95989139816033,1
"14359",-80.342,36.026,"2020-05-03 20:00:00",10,9.16820650129759,0.515889003159747,8.15706405510449,10.1793489474907,1
"14360",-80.342,36.026,"2020-05-03 21:00:00",10.8,9.62335966379793,0.336426854769549,8.96396302844961,10.2827562991462,0
"14361",-80.342,36.026,"2020-05-03 22:00:00",11.6,9.44156817066862,0.291680318581938,8.86987474624802,10.0132615950892,0
"14362",-80.342,36.026,"2020-05-03 23:00:00",12.1,10.0318368765355,0.176317432718936,9.68625470840639,10.3774190446646,0
"14363",-80.342,36.026,"2020-05-04 00:00:00",12.4,11.6044336539283,0.451518636599853,10.7194571261926,12.489410181664,1
"14364",-80.342,36.026,"2020-05-04 01:00:00",12.7,10.1050331414125,0.501173874564609,9.12273234726587,11.0873339355591,0
"14365",-80.342,36.026,"2020-05-04 02:00:00",12.3,9.92828375363139,0.32580191804991,9.28971199425357,10.5668555130092,0
"14366",-80.342,36.026,"2020-05-04 03:00:00",10.6,8.20121170550304,0.445355510212805,7.32831490548594,9.07410850552014,0
"14367",-80.342,36.026,"2020-05-04 04:00:00",9.8,6.05867313615295,0.670683725372104,4.74413303442363,7.37321323788227,0
"14368",-80.342,36.026,"2020-05-04 05:00:00",7.4,4.95926446652729,0.599127212974058,3.78497512909814,6.13355380395644,0
"14369",-80.342,36.026,"2020-05-04 06:00:00",5.9,5.24333958965172,0.588455941088629,4.08996594511801,6.39671323418543,1
"14370",-80.342,36.026,"2020-05-04 07:00:00",6.9,5.30950628967684,0.439123116621952,4.44882498109781,6.17018759825587,0
"14371",-80.342,36.026,"2020-05-04 08:00:00",6.7,5.06025672189748,0.583396079704164,3.91680040567732,6.20371303811764,0
"14372",-80.342,36.026,"2020-05-04 09:00:00",5.9,5.53919663566917,0.689208457471614,4.18834805902481,6.89004521231353,1
"14373",-80.342,36.026,"2020-05-04 10:00:00",5.1,5.35562217621916,0.675746884848125,4.03115828191683,6.68008607052148,1
"14374",-80.342,36.026,"2020-05-04 11:00:00",4.5,5.2826863869313,0.583059783105276,4.13988921204496,6.42548356181764,1
"14375",-80.342,36.026,"2020-05-04 12:00:00",4.3,4.48996230246598,0.333810118877955,3.83569446946519,5.14423013546677,1
"14376",-80.342,36.026,"2020-05-04 13:00:00",4.9,3.25482226167289,0.646639280252533,1.98740927237793,4.52223525096785,0
"14377",-80.342,36.026,"2020-05-04 14:00:00",4.4,3.8199020517387,0.689474315663273,2.46853239303868,5.17127171043871,1
"14378",-80.342,36.026,"2020-05-04 15:00:00",4.2,3.41969896452816,0.294142505264197,2.84317965421033,3.99621827484599,0
"14379",-80.342,36.026,"2020-05-04 16:00:00",4.1,4.30602760553641,0.758286575229717,2.81978591808616,5.79226929298665,1
"14380",-80.342,36.026,"2020-05-04 17:00:00",4.2,3.14760787009229,0.275689394787272,2.60725665630924,3.68795908387534,0
"14381",-80.342,36.026,"2020-05-04 18:00:00",4.4,4.17154741389485,0.267525413185325,3.64719760405161,4.69589722373809,1
"14382",-80.342,36.026,"2020-05-04 19:00:00",6.2,7.13185001570039,1.43214287345518,4.32484998372824,9.93885004767254,1
"14383",-80.342,36.026,"2020-05-04 20:00:00",9.1,8.52873604239154,0.841225042451595,6.87993495918641,10.1775371255967,1
"14384",-80.342,36.026,"2020-05-04 21:00:00",9.7,6.9349269083069,0.230788016955816,6.4825823950735,7.3872714215403,0
"14385",-80.342,36.026,"2020-05-04 22:00:00",8.3,7.60200374089651,0.562150080181181,6.5001895837414,8.70381789805162,1
"14386",-80.342,36.026,"2020-05-04 23:00:00",7.7,8.71631088042306,0.337173006684561,8.05545178732132,9.3771699735248,0
"14387",-80.342,36.026,"2020-05-05 00:00:00",8.1,6.12891985410279,0.235121169586657,5.66808236171294,6.58975734649264,0
"14388",-80.342,36.026,"2020-05-05 01:00:00",8.3,6.96793444818406,0.460974635135727,6.06442416331804,7.87144473305008,0
"14389",-80.342,36.026,"2020-05-05 02:00:00",7.7,7.17521968981391,0.334480874535703,6.51963717572393,7.83080220390389,1
"14390",-80.342,36.026,"2020-05-05 03:00:00",6.9,6.55589555166096,0.374406017399086,5.82205975755875,7.28973134576317,1
"14391",-80.342,36.026,"2020-05-05 04:00:00",6.1,5.92786876793193,0.302888221351768,5.33420785408246,6.5215296817814,1
"14392",-80.342,36.026,"2020-05-05 05:00:00",4.9,4.82493145873185,0.473085858257961,3.89768317654625,5.75217974091745,1
"14393",-80.342,36.026,"2020-05-05 06:00:00",3.9,3.30252750600715,0.442549546706063,2.43513039446327,4.16992461755103,1
"14394",-80.342,36.026,"2020-05-05 07:00:00",3.9,3.29184379841465,0.644934662925126,2.0277718590814,4.5559157377479,1
"14395",-80.342,36.026,"2020-05-05 08:00:00",3.6,4.2607682023478,0.699351694616063,2.89003888090032,5.63149752379528,1
"14396",-80.342,36.026,"2020-05-05 09:00:00",3.7,4.77018131449864,0.528924385602329,3.73348951871807,5.8068731102792,0
"14397",-80.342,36.026,"2020-05-05 10:00:00",3.8,4.73318814387503,0.53610293834785,3.68242638471324,5.78394990303682,1
"14398",-80.342,36.026,"2020-05-05 11:00:00",4.1,5.38940804667163,0.693841758454976,4.02947820009988,6.74933789324338,1
"14399",-80.342,36.026,"2020-05-05 12:00:00",4.5,4.99961625100888,0.582227795671404,3.85844977149293,6.14078273052483,1
"14400",-80.342,36.026,"2020-05-05 13:00:00",5.2,5.24508128494934,0.379265712761441,4.50172048793692,5.98844208196176,1
"14401",-80.342,36.026,"2020-05-05 14:00:00",6,6.0138555142076,0.664037127372499,4.7123427445575,7.3153682838577,1
"14402",-80.342,36.026,"2020-05-05 15:00:00",6.5,5.09184828046541,0.668955084440011,3.78069631496299,6.40300024596783,0
"14403",-80.342,36.026,"2020-05-05 16:00:00",6.2,6.81518115157666,0.622388819934756,5.59529906450454,8.03506323864878,1
"14404",-80.342,36.026,"2020-05-05 17:00:00",6.5,8.19238768107301,0.254461340653676,7.6936434533918,8.69113190875422,0
"14405",-80.342,36.026,"2020-05-05 18:00:00",6.9,8.72732521605316,0.238575744714752,8.25971675641225,9.19493367569407,0
"14406",-80.342,36.026,"2020-05-05 19:00:00",7.7,7.33087269243771,0.570867932612546,6.21197154451712,8.4497738403583,1
"14407",-80.342,36.026,"2020-05-05 20:00:00",7,7.56136936931197,0.451110697179534,6.67719240284008,8.44554633578386,1
"14408",-80.342,36.026,"2020-05-05 21:00:00",7,6.64457161547677,0.404052960443295,5.85262781300791,7.43651541794563,1
"14409",-80.342,36.026,"2020-05-05 22:00:00",6.6,6.53716403261333,0.362199236818173,5.82725352844971,7.24707453677695,1
"14410",-80.342,36.026,"2020-05-05 23:00:00",6.4,6.88217115414749,0.369466263427778,6.15801727782905,7.60632503046593,1
"14411",-80.342,36.026,"2020-05-06 00:00:00",6.4,5.81450542814529,0.212875599190292,5.39726925373232,6.23174160255826,0
"14412",-80.342,36.026,"2020-05-06 01:00:00",6,5.79394851561526,0.387891186912504,5.03368178926675,6.55421524196377,1
"14413",-80.342,36.026,"2020-05-06 02:00:00",6.2,5.95863438407317,0.432571623415645,5.11079400217851,6.80647476596783,1
"14414",-80.342,36.026,"2020-05-06 03:00:00",6.8,5.53357793440601,0.522064698397745,4.51033112554643,6.55682474326559,0
"14415",-80.342,36.026,"2020-05-06 04:00:00",7.3,6.01189176781749,0.396558157366217,5.2346377793797,6.78914575625527,0
"14416",-80.342,36.026,"2020-05-06 05:00:00",6.5,6.00411280900878,0.446707952404554,5.12856522229585,6.87966039572171,1
"14417",-80.342,36.026,"2020-05-06 06:00:00",6,6.52702240335406,0.61813410814518,5.31547955138951,7.73856525531861,1
"14418",-80.342,36.026,"2020-05-06 07:00:00",6.1,5.97457893882627,0.475215319765577,5.04315691208574,6.9060009655668,1
"14419",-80.342,36.026,"2020-05-06 08:00:00",5.4,6.05576590662067,0.438272422970483,5.19675195759852,6.91477985564282,1
"14420",-80.342,36.026,"2020-05-06 09:00:00",3.8,4.87472499047846,0.577705632856167,3.74242195008037,6.00702803087655,1
"14421",-80.342,36.026,"2020-05-06 10:00:00",4,3.44941900518538,0.361943775037946,2.74000920611101,4.15882880425975,1
"14422",-80.342,36.026,"2020-05-06 11:00:00",4,3.6810367710562,0.459070188314534,2.78125920195971,4.58081434015269,1
"14423",-80.342,36.026,"2020-05-06 12:00:00",4.1,3.4411043743387,0.532703136650678,2.39700622650337,4.48520252217403,1
"14424",-80.342,36.026,"2020-05-06 13:00:00",4,3.38118685190083,0.41318958229913,2.57133527059454,4.19103843320712,1
"14425",-80.342,36.026,"2020-05-06 14:00:00",2.6,2.42393869231767,0.546955314298076,1.35190627629344,3.4959711083419,1
"14426",-80.342,36.026,"2020-05-06 15:00:00",2,3.8455400225666,0.628537463399958,2.61360659430268,5.07747345083052,0
"14427",-80.342,36.026,"2020-05-06 16:00:00",2.5,2.52841388862084,0.614876479125528,1.32325598953481,3.73357178770687,1
"14428",-80.342,36.026,"2020-05-06 17:00:00",1.5,2.13462724415616,0.569775487756701,1.01786728815303,3.25138720015929,1
"14429",-80.342,36.026,"2020-05-06 18:00:00",2,2.24461504105046,0.403050842487698,1.45463538977457,3.03459469232635,1
"14430",-80.342,36.026,"2020-05-06 19:00:00",2,2.45825020497487,0.265266181397478,1.93832848943581,2.97817192051393,1
"14431",-80.342,36.026,"2020-05-06 20:00:00",3.4,3.03383934603754,0.439275418299094,2.17285952617132,3.89481916590376,1
"14432",-80.342,36.026,"2020-05-06 21:00:00",3.8,3.51904306105152,0.542158453017099,2.45641249313801,4.58167362896503,1
"14433",-80.342,36.026,"2020-05-06 22:00:00",4,4.85352951170427,0.422364908681361,4.0256942906888,5.68136473271974,0
"14434",-80.342,36.026,"2020-05-06 23:00:00",3.8,3.94930696124341,0.239671741928147,3.47955034706424,4.41906357542258,1
"14435",-80.342,36.026,"2020-05-07 00:00:00",4.1,5.39273203211728,0.846016904966508,3.73453889838292,7.05092516585164,1
"14436",-80.342,36.026,"2020-05-07 01:00:00",4.3,4.85353375615021,0.461752812637584,3.94849824338054,5.75856926891987,1
"14437",-80.342,36.026,"2020-05-07 02:00:00",4.4,4.58235554847298,0.346176846920223,3.90384892850934,5.26086216843662,1
"14438",-80.342,36.026,"2020-05-07 03:00:00",4.9,4.30762456508389,0.184836408245508,3.94534520492269,4.66990392524509,0
"14439",-80.342,36.026,"2020-05-07 04:00:00",5,5.21050069107495,0.393180080454595,4.43986773338394,5.98113364876596,1
"14440",-80.342,36.026,"2020-05-07 05:00:00",5.1,5.490955551073,0.596350750615793,4.32210807986605,6.65980302227995,1
"14441",-80.342,36.026,"2020-05-07 06:00:00",7.3,6.39473974101798,0.436644643151769,5.53891624044051,7.25056324159545,0
"14442",-80.342,36.026,"2020-05-07 07:00:00",5.8,5.97873472220945,0.379356216853762,5.23519653717608,6.72227290724282,1
"14443",-80.342,36.026,"2020-05-07 08:00:00",5.2,6.46443824239693,0.844216719625066,4.8097734719318,8.11910301286206,1
"14444",-80.342,36.026,"2020-05-07 09:00:00",4.4,5.0349359347946,0.548502840637415,3.95987036714527,6.11000150244393,1
"14445",-80.342,36.026,"2020-05-07 10:00:00",4.5,4.39186077690475,0.357843342497882,3.6904878256089,5.0932337282006,1
"14446",-80.342,36.026,"2020-05-07 11:00:00",4.3,4.3894466961244,0.446504653760392,3.51429757475403,5.26459581749477,1
"14447",-80.342,36.026,"2020-05-07 12:00:00",4.3,4.41246894428668,0.424146981493192,3.58114086056002,5.24379702801334,1
"14448",-80.342,36.026,"2020-05-07 13:00:00",4,4.45264536385325,0.524747087296209,3.42414107275268,5.48114965495382,1
"14449",-80.342,36.026,"2020-05-07 14:00:00",4.1,5.3898842642174,0.340095375918982,4.7232973274162,6.0564712010186,0
"14450",-80.342,36.026,"2020-05-07 15:00:00",4.3,5.25173913390466,0.409140574220852,4.44982360843179,6.05365465937753,0
"14451",-80.342,36.026,"2020-05-07 16:00:00",4.4,3.93961004355319,0.386060926506838,3.18293062759979,4.69628945950659,1
"14452",-80.342,36.026,"2020-05-07 17:00:00",4.2,4.93144956557965,0.388966923266731,4.16907439597686,5.69382473518244,1
"14453",-80.342,36.026,"2020-05-07 18:00:00",4.9,4.61250421788755,0.50724986372138,3.61829448499365,5.60671395078145,1
"14454",-80.342,36.026,"2020-05-07 19:00:00",4.8,3.95069387682035,0.400210925461658,3.1662804629155,4.7351072907252,0
"14455",-80.342,36.026,"2020-05-07 20:00:00",4.9,6.49091884117296,1.85902317978419,2.84723340879595,10.13460427355,1
"14456",-80.342,36.026,"2020-05-07 21:00:00",5.1,6.9700461707886,0.691131676711623,5.61542808443382,8.32466425714338,0
"14457",-80.342,36.026,"2020-05-07 22:00:00",4.8,7.60427598366515,0.579862041411514,6.46774638249858,8.74080558483172,0
"14458",-80.342,36.026,"2020-05-07 23:00:00",5,8.42141899381296,0.536963931423265,7.36896968822336,9.47386829940256,0
"19460",-78.8197,35.8652,"2020-05-01 00:00:00",4,3.77788513449505,0.713183772433691,2.38004494052502,5.17572532846508,1
"19461",-78.8197,35.8652,"2020-05-01 01:00:00",2,3.93837555265497,0.357688610274706,3.23730587651655,4.63944522879339,0
"19462",-78.8197,35.8652,"2020-05-01 02:00:00",4,5.94508858895969,0.821657829253261,4.3346392436233,7.55553793429608,0
"19463",-78.8197,35.8652,"2020-05-01 03:00:00",5,4.55351234631362,0.850488181102521,2.88655551135268,6.22046918127456,1
"19464",-78.8197,35.8652,"2020-05-01 04:00:00",1,4.90630305331968,0.687927660219921,3.55796483928863,6.25464126735073,0
"19465",-78.8197,35.8652,"2020-05-01 05:00:00",3,4.74592643729017,0.476702112704565,3.81159029638922,5.68026257819112,0
"19466",-78.8197,35.8652,"2020-05-01 06:00:00",2,3.76582808660632,0.607591004510906,2.57494971776494,4.9567064554477,0
"19467",-78.8197,35.8652,"2020-05-01 07:00:00",1,3.28627706685635,0.794778161432039,1.72851187044955,4.84404226326315,0
"19468",-78.8197,35.8652,"2020-05-01 09:00:00",1,2.70151032382122,2.01398239338383,-1.24589516721109,6.64891581485353,1
"19469",-78.8197,35.8652,"2020-05-01 11:00:00",3,3.12618888707406,0.668581172381243,1.81576978920682,4.4366079849413,1
"19470",-78.8197,35.8652,"2020-05-01 12:00:00",3,2.62943001345458,0.782130003421904,1.09645520674765,4.16240482016151,1
"19471",-78.8197,35.8652,"2020-05-01 13:00:00",3,-0.151204796169206,2.27977675544202,-4.61956723683557,4.31715764449715,1
"19472",-78.8197,35.8652,"2020-05-01 15:00:00",6,3.67172936668268,0.472050075402555,2.74651121889367,4.59694751447169,0
"19473",-78.8197,35.8652,"2020-05-01 17:00:00",7,2.98816167419335,0.215651258018818,2.56548520847647,3.41083813991023,0
"19474",-78.8197,35.8652,"2020-05-01 18:00:00",2,2.33392808031599,0.313727268192467,1.71902263465875,2.94883352597323,1
"19475",-78.8197,35.8652,"2020-05-01 21:00:00",1,3.68824921017755,0.688623951545764,2.33854626514785,5.03795215520725,0
"19476",-78.8197,35.8652,"2020-05-01 22:00:00",1,4.23159188906611,0.763495922665779,2.73513988064118,5.72804389749104,0
"19477",-78.8197,35.8652,"2020-05-01 23:00:00",2,4.73880977852066,0.403096529689005,3.94874058033021,5.52887897671111,0
"19478",-78.8197,35.8652,"2020-05-02 00:00:00",2,3.70570973536827,0.453412268352624,2.81702168939713,4.59439778133941,0
"19479",-78.8197,35.8652,"2020-05-02 01:00:00",4,3.70043642449248,0.431316204336635,2.85505666399268,4.54581618499228,1
"19480",-78.8197,35.8652,"2020-05-02 02:00:00",4,4.15029702416043,0.452977600187545,3.26246092779284,5.03813312052802,1
"19481",-78.8197,35.8652,"2020-05-02 03:00:00",2,5.02851629727356,1.24347367060837,2.59130790288116,7.46572469166597,0
"19482",-78.8197,35.8652,"2020-05-02 04:00:00",1,4.34889422353249,0.777177222476474,2.8256268674786,5.87216157958638,0
"19483",-78.8197,35.8652,"2020-05-02 05:00:00",6,4.74850227880911,0.837759293093127,3.10649406434658,6.39051049327164,1
"19484",-78.8197,35.8652,"2020-05-02 06:00:00",1,4.78159397038239,0.625597715509077,3.5554224479846,6.00776549278018,0
"19485",-78.8197,35.8652,"2020-05-02 07:00:00",4,4.88205227307335,0.83676764069684,3.24198769730754,6.52211684883916,1
"19486",-78.8197,35.8652,"2020-05-02 09:00:00",6,4.6868244940538,0.561856551521167,3.58558565307231,5.78806333503529,0
"19487",-78.8197,35.8652,"2020-05-02 10:00:00",7,4.49407146376521,0.546227353049519,3.42346585178815,5.56467707574227,0
"19488",-78.8197,35.8652,"2020-05-02 11:00:00",4,4.74209253841658,0.711319259566783,3.34790678966569,6.13627828716747,1
"19489",-78.8197,35.8652,"2020-05-02 12:00:00",4,4.79395391133387,0.377010603711488,4.05501312805935,5.53289469460839,0
"19490",-78.8197,35.8652,"2020-05-02 13:00:00",5,3.27594915407262,0.415717933764471,2.46114200389426,4.09075630425098,0
"19491",-78.8197,35.8652,"2020-05-02 14:00:00",3,6.11204162394018,0.946419356726303,4.25705968475663,7.96702356312373,0
"19492",-78.8197,35.8652,"2020-05-02 15:00:00",2,3.43324936977967,1.02210720475331,1.42991924846318,5.43657949109616,1
"19493",-78.8197,35.8652,"2020-05-02 16:00:00",2,10.8643450839781,3.26160141608703,4.47160630844752,17.2570838595087,0
"19494",-78.8197,35.8652,"2020-05-02 17:00:00",3,7.68791442403548,2.25009371126622,3.27773074995369,12.0980980981173,0
"19495",-78.8197,35.8652,"2020-05-02 18:00:00",7,4.89032622355253,0.601103091726114,3.71216416376935,6.06848828333571,0
"19496",-78.8197,35.8652,"2020-05-02 19:00:00",3,6.01142110241547,0.333822887595385,5.35712824272852,6.66571396210242,0
"19497",-78.8197,35.8652,"2020-05-02 20:00:00",3,6.75938158578694,0.934784162133984,4.92720462800433,8.59155854356955,0
"19498",-78.8197,35.8652,"2020-05-02 21:00:00",6,9.09864472727241,0.921410963554316,7.29267923870595,10.9046102158389,0
"19499",-78.8197,35.8652,"2020-05-02 22:00:00",2,13.1416529807284,0.533833094304335,12.0953401158919,14.1879658455649,0
"19500",-78.8197,35.8652,"2020-05-02 23:00:00",6,13.8956304016752,0.764181322085718,12.3978350103872,15.3934257929632,0
"19501",-78.8197,35.8652,"2020-05-03 00:00:00",8,14.9051727706355,1.55651497820649,11.8544034133508,17.9559421279202,0
"19502",-78.8197,35.8652,"2020-05-03 01:00:00",9,13.326642068521,1.27212134473396,10.8332842328424,15.8199999041996,0
"19503",-78.8197,35.8652,"2020-05-03 02:00:00",13,11.6330694756505,0.92502283505874,9.82002471893537,13.4461142323656,1
"19504",-78.8197,35.8652,"2020-05-03 03:00:00",10,10.4396918407654,0.988755598867075,8.50173086698593,12.3776528145449,1
"19505",-78.8197,35.8652,"2020-05-03 04:00:00",8,9.56670155232119,1.17913195043094,7.25560292947655,11.8778001751658,1
"19506",-78.8197,35.8652,"2020-05-03 05:00:00",7,10.6658290809237,0.740273312015007,9.21489338937429,12.1167647724731,0
"19507",-78.8197,35.8652,"2020-05-03 06:00:00",11,9.66318051589871,0.915154907423674,7.86947689734831,11.4568841344491,1
"19508",-78.8197,35.8652,"2020-05-03 07:00:00",9,11.6047478412469,0.645155992176963,10.3402420965801,12.8692535859137,0
"19509",-78.8197,35.8652,"2020-05-03 08:00:00",4,10.4753790049471,0.530176152722824,9.43623374561037,11.5145242642838,0
"19510",-78.8197,35.8652,"2020-05-03 09:00:00",9,13.1601938411065,0.805400023500225,11.5816097950461,14.7387778871669,0
"19511",-78.8197,35.8652,"2020-05-03 10:00:00",9,12.4864612602625,0.824868137845277,10.8697197100858,14.1032028104392,0
"19512",-78.8197,35.8652,"2020-05-03 11:00:00",10,11.0251847632633,0.845005588369929,9.36897381005824,12.6813957164684,1
"19513",-78.8197,35.8652,"2020-05-03 12:00:00",9,10.599172070306,0.637344945122964,9.34997597786499,11.848368162747,0
"19514",-78.8197,35.8652,"2020-05-03 13:00:00",8,10.5124447658457,0.735704823563491,9.07046331166126,11.9544262200301,0
"19515",-78.8197,35.8652,"2020-05-03 14:00:00",9,10.5143692516647,0.605947349406205,9.32671244682854,11.7020260565009,0
"19516",-78.8197,35.8652,"2020-05-03 15:00:00",7,11.0021952600265,0.924612194108594,9.18995535957366,12.8144351604793,0
"19517",-78.8197,35.8652,"2020-05-03 16:00:00",8,8.80940296502634,0.502943845442422,7.82363302795919,9.79517290209349,1
"19518",-78.8197,35.8652,"2020-05-03 17:00:00",8,9.27306817725082,0.576080780065175,8.14394984832308,10.4021865061786,0
"19519",-78.8197,35.8652,"2020-05-03 18:00:00",7,10.1928872864472,0.815640914862743,8.59423109331622,11.7915434795782,0
"19520",-78.8197,35.8652,"2020-05-03 19:00:00",7,9.62799057032779,0.814332246579445,8.03189936703208,11.2240817736235,0
"19521",-78.8197,35.8652,"2020-05-03 20:00:00",8,10.2180140697275,1.02887953397685,8.20141018313288,12.2346179563221,0
"19522",-78.8197,35.8652,"2020-05-03 21:00:00",9,11.1997296059135,0.798136804514454,9.63538146906517,12.7640777427618,0
"19523",-78.8197,35.8652,"2020-05-03 22:00:00",8,12.0899236581926,0.856293755251927,10.4115878978988,13.7682594184864,0
"19524",-78.8197,35.8652,"2020-05-03 23:00:00",7,13.7564714090504,0.863254383080398,12.0644928182128,15.448449999888,0
"19525",-78.8197,35.8652,"2020-05-04 00:00:00",9,11.1735736057964,0.731948944528207,9.73895367452111,12.6081935370717,0
"19526",-78.8197,35.8652,"2020-05-04 01:00:00",9,10.8508377333657,1.44385329175359,8.02088528152866,13.6807901852027,1
"19527",-78.8197,35.8652,"2020-05-04 02:00:00",10,11.8756867827942,0.487152197708233,10.9208684752861,12.8305050903023,0
"19528",-78.8197,35.8652,"2020-05-04 03:00:00",8,13.4527102577047,1.39674369931009,10.7150926070569,16.1903279083525,0
"19529",-78.8197,35.8652,"2020-05-04 04:00:00",13,13.3966989405677,1.23175570806068,10.9824577527688,15.8109401283666,1
"19530",-78.8197,35.8652,"2020-05-04 05:00:00",11,13.8189692190757,0.971822452945471,11.9141972113026,15.7237412268488,0
"19531",-78.8197,35.8652,"2020-05-04 06:00:00",11,9.84018455014658,0.558943139450828,8.74465599682296,10.9357131034702,0
"19532",-78.8197,35.8652,"2020-05-04 07:00:00",4,8.63964341797122,0.593973173136479,7.47545599862372,9.80383083731872,0
"19533",-78.8197,35.8652,"2020-05-04 08:00:00",5,8.27393192536098,0.698829866426136,6.90422538716575,9.64363846355621,0
"19534",-78.8197,35.8652,"2020-05-04 09:00:00",4,7.18633467499108,1.08670090595796,5.05640089931348,9.31626845066868,0
"19535",-78.8197,35.8652,"2020-05-04 10:00:00",3,9.02441025878961,1.80896052829186,5.47884762333756,12.5699728942417,0
"19536",-78.8197,35.8652,"2020-05-04 11:00:00",7,9.28559340498397,1.1203029198165,7.08979968214363,11.4813871278243,0
"19537",-78.8197,35.8652,"2020-05-04 12:00:00",5,6.2371755944916,0.580933385245846,5.09854615940974,7.37580502957346,0
"19538",-78.8197,35.8652,"2020-05-04 13:00:00",6,6.34691387388303,2.17253518385332,2.08874491353052,10.6050828342355,1
"19539",-78.8197,35.8652,"2020-05-04 14:00:00",4,4.2026464201686,1.31769424841202,1.61996569328104,6.78532714705616,1
"19540",-78.8197,35.8652,"2020-05-04 15:00:00",1,5.26993379238948,0.362044982722019,4.56032562625432,5.97954195852464,0
"19541",-78.8197,35.8652,"2020-05-04 16:00:00",3,5.1363622515353,1.06617552862149,3.04665821543718,7.22606628763342,0
"19542",-78.8197,35.8652,"2020-05-04 17:00:00",4,4.22811341098792,0.307218294615207,3.62596555354211,4.83026126843373,1
"19543",-78.8197,35.8652,"2020-05-04 18:00:00",4,4.2719051850788,0.613502246434071,3.06944078206802,5.47436958808958,1
"19544",-78.8197,35.8652,"2020-05-04 19:00:00",5,7.38300103353635,1.79696956606278,3.8609406840533,10.9050613830194,1
"19545",-78.8197,35.8652,"2020-05-04 21:00:00",6,9.23228159998372,0.769807309797839,7.72345927277996,10.7411039271875,0
"19546",-78.8197,35.8652,"2020-05-04 22:00:00",6,9.61325445894126,1.38919618422298,6.89042993786422,12.3360789800183,0
"19547",-78.8197,35.8652,"2020-05-04 23:00:00",5,9.45265297164682,0.912040272490412,7.66505403756561,11.240251905728,0
"19548",-78.8197,35.8652,"2020-05-05 00:00:00",7,9.68006809821687,0.912301060402756,7.89195801982747,11.4681781766063,0
"19549",-78.8197,35.8652,"2020-05-05 01:00:00",7,8.76051675549231,0.905512222730661,6.98571279894021,10.5353207120444,1
"19550",-78.8197,35.8652,"2020-05-05 02:00:00",7,8.07619068873184,0.624367335321376,6.85243071150194,9.29995066596174,1
"19551",-78.8197,35.8652,"2020-05-05 03:00:00",3,7.06450359365751,1.00228047544833,5.10003386177878,9.02897332553624,0
"19552",-78.8197,35.8652,"2020-05-05 04:00:00",7,6.98374864606527,0.892457890426097,5.23453118083012,8.73296611130042,1
"19553",-78.8197,35.8652,"2020-05-05 05:00:00",4,6.68128711227758,0.810817046584285,5.09208570097238,8.27048852358278,0
"19554",-78.8197,35.8652,"2020-05-05 06:00:00",1,6.80453798148076,1.0137094417056,4.81766747573778,8.79140848722374,0
"19555",-78.8197,35.8652,"2020-05-05 07:00:00",2,8.07068477115013,1.94136834667091,4.26560281167515,11.8757667306251,0
"19556",-78.8197,35.8652,"2020-05-05 08:00:00",1,6.83970743595462,2.0244173319045,2.8718494654218,10.8075654064874,0
"19557",-78.8197,35.8652,"2020-05-05 09:00:00",4,8.33423977406918,1.38476302794482,5.62010423929733,11.048375308841,0
"19558",-78.8197,35.8652,"2020-05-05 10:00:00",6,6.01512287766367,1.10786921599803,3.84369921430753,8.18654654101981,1
"19559",-78.8197,35.8652,"2020-05-05 11:00:00",6,5.62314498860226,0.892493718401229,3.87385730053585,7.37243267666867,1
"19560",-78.8197,35.8652,"2020-05-05 12:00:00",2,5.12233813768896,0.637401691268871,3.87303082280197,6.37164545257595,0
"19561",-78.8197,35.8652,"2020-05-05 13:00:00",4,4.97297434902946,1.02809022350493,2.9579175109598,6.98803118709912,1
"19562",-78.8197,35.8652,"2020-05-05 14:00:00",8,4.18649812774098,0.741516061832435,2.73312664654941,5.63986960893255,0
"19563",-78.8197,35.8652,"2020-05-05 15:00:00",6,4.77858452036261,0.538619397265123,3.72289050172297,5.83427853900225,0
"19564",-78.8197,35.8652,"2020-05-05 16:00:00",6,8.65189228798789,0.467591935344247,7.73541209471317,9.56837248126261,0
"19565",-78.8197,35.8652,"2020-05-05 17:00:00",10,6.42999547028426,0.92449415709115,4.61798692238561,8.24200401818291,0
"19566",-78.8197,35.8652,"2020-05-05 18:00:00",4,7.40373509330073,0.353993932325125,6.70990698594349,8.09756320065797,0
"19567",-78.8197,35.8652,"2020-05-05 19:00:00",5,7.03537367190548,0.591006612326176,5.87700071174617,8.19374663206478,0
"19568",-78.8197,35.8652,"2020-05-05 20:00:00",4,6.10339114820479,0.641761436179297,4.84553873329337,7.36124356311621,0
"19569",-78.8197,35.8652,"2020-05-05 21:00:00",7,5.08526114068954,0.969926649683766,3.18420490730936,6.98631737406972,0
"19570",-78.8197,35.8652,"2020-05-05 22:00:00",4,6.95766036679418,1.17054874635763,4.66338482393322,9.25193590965513,0
"19571",-78.8197,35.8652,"2020-05-05 23:00:00",11,5.33223132064732,1.0061922333072,3.36009454336521,7.30436809792943,0
"19572",-78.8197,35.8652,"2020-05-06 00:00:00",4,5.63142144650883,0.195897657869734,5.24746203708415,6.01538085593351,0
"19573",-78.8197,35.8652,"2020-05-06 01:00:00",5,5.54622104733881,0.399558189757294,4.76308699541451,6.32935509926311,1
"19574",-78.8197,35.8652,"2020-05-06 02:00:00",2,6.68502531609613,0.479912631427818,5.74439655849761,7.62565407369465,0
"19575",-78.8197,35.8652,"2020-05-06 03:00:00",8,6.34751790342064,1.1889248073027,4.01722528110735,8.67781052573393,1
"19576",-78.8197,35.8652,"2020-05-06 04:00:00",6,6.20013945923249,0.37650936267129,5.46218110839676,6.93809781006822,1
"19577",-78.8197,35.8652,"2020-05-06 05:00:00",3,6.12463358120206,0.521153001745722,5.10317369778044,7.14609346462368,0
"19578",-78.8197,35.8652,"2020-05-06 06:00:00",5,5.98355052996913,0.546711403861825,4.91199617839995,7.05510488153831,1
"19579",-78.8197,35.8652,"2020-05-06 07:00:00",1,5.95857942619107,0.351177891711729,5.27027075843608,6.64688809394606,0
"19580",-78.8197,35.8652,"2020-05-06 08:00:00",3,6.62331466248483,0.441134878899307,5.75869029984219,7.48793902512747,0
"19581",-78.8197,35.8652,"2020-05-06 09:00:00",2,6.56796213128332,0.384470698862185,5.81439956151344,7.3215247010532,0
"19582",-78.8197,35.8652,"2020-05-06 10:00:00",7,7.58638081346153,0.963883178986745,5.69716978264751,9.47559184427555,1
"19583",-78.8197,35.8652,"2020-05-06 11:00:00",6,5.3070191079377,0.456919842198647,4.41145621722835,6.20258199864705,1
"19584",-78.8197,35.8652,"2020-05-06 12:00:00",4,3.91259795967484,2.96661477728682,-1.90196700380733,9.72716292315701,1
"19585",-78.8197,35.8652,"2020-05-06 13:00:00",2,4.28325736694144,0.367591848338527,3.56277734419793,5.00373738968495,0
"19586",-78.8197,35.8652,"2020-05-06 14:00:00",4,4.16596231981787,1.02909990125842,2.14892651335137,6.18299812628437,1
"19587",-78.8197,35.8652,"2020-05-06 15:00:00",5,5.9081691109295,0.697630416413804,4.54081349475844,7.27552472710056,1
"19588",-78.8197,35.8652,"2020-05-06 16:00:00",6,5.95003432231607,0.803241753275801,4.3756804858955,7.52438815873664,1
"19589",-78.8197,35.8652,"2020-05-06 17:00:00",5,4.50137036889784,0.872904788572374,2.79047698329599,6.21226375449969,1
"19590",-78.8197,35.8652,"2020-05-06 21:00:00",4,4.8080692826788,0.882597208054141,3.07817875489268,6.53795981046492,1
"19591",-78.8197,35.8652,"2020-05-06 22:00:00",3,4.01026574086654,0.459618494039041,3.10941349255002,4.91111798918306,0
"19592",-78.8197,35.8652,"2020-05-06 23:00:00",3,5.01168491923224,0.485231194708381,4.06063177760381,5.96273806086067,0
"19593",-78.8197,35.8652,"2020-05-07 01:00:00",2,3.3200175109609,0.724749196601686,1.8995090856216,4.7405259363002,1
"19594",-78.8197,35.8652,"2020-05-07 02:00:00",2,4.46276250844481,0.562548265766506,3.36016790754246,5.56535710934716,0
"19595",-78.8197,35.8652,"2020-05-07 03:00:00",2,4.30675319330486,0.458194753358413,3.40869147672237,5.20481490988735,0
"19596",-78.8197,35.8652,"2020-05-07 04:00:00",8,5.02253116524223,0.528186091416647,3.9872864260656,6.05777590441886,0
"19597",-78.8197,35.8652,"2020-05-07 05:00:00",6,6.02562250581688,0.817307545125326,4.42369971737124,7.62754529426252,1
"19598",-78.8197,35.8652,"2020-05-07 06:00:00",5,6.61325239029938,0.944298272980217,4.76242777525815,8.46407700534061,1
"19599",-78.8197,35.8652,"2020-05-07 07:00:00",9,7.34389718937655,0.92009009212082,5.54052060881974,9.14727376993336,1
"19600",-78.8197,35.8652,"2020-05-07 08:00:00",4,4.81162544653292,1.35509172574434,2.15564566407401,7.46760522899183,1
"19601",-78.8197,35.8652,"2020-05-07 09:00:00",3,3.83935849465224,2.45977460956344,-0.981799740092103,8.66051672939658,1
"19602",-78.8197,35.8652,"2020-05-07 10:00:00",6,4.41749779103649,1.21977069219746,2.02674723432947,6.80824834774351,1
"19603",-78.8197,35.8652,"2020-05-07 11:00:00",7,3.1692643096589,1.3185829279893,0.584841770799872,5.75368684851793,0
"19604",-78.8197,35.8652,"2020-05-07 12:00:00",7,6.2078725891929,0.720508662882446,4.79567560994331,7.62006956844249,1
"19605",-78.8197,35.8652,"2020-05-07 13:00:00",7,7.78791037662323,1.28803420407057,5.26336333664491,10.3124574166015,1
"19606",-78.8197,35.8652,"2020-05-07 14:00:00",5,5.21617368971292,0.767176886422992,3.71250699232386,6.71984038710198,1
"19607",-78.8197,35.8652,"2020-05-07 15:00:00",5,5.02735449408348,0.895217538116404,3.27272811937533,6.78198086879163,1
"19608",-78.8197,35.8652,"2020-05-07 16:00:00",6,4.5473901827575,0.381703515694862,3.79925129199557,5.29552907351943,0
"19609",-78.8197,35.8652,"2020-05-07 17:00:00",5,4.79401643137261,0.583730591005218,3.64990447300238,5.93812838974284,1
"19610",-78.8197,35.8652,"2020-05-07 18:00:00",3,6.342321203631,0.9019713148618,4.57445742650187,8.11018498076013,0
"19611",-78.8197,35.8652,"2020-05-07 19:00:00",3,7.26661907114965,0.79191575277799,5.71446419570479,8.81877394659451,0
"19612",-78.8197,35.8652,"2020-05-07 20:00:00",5,6.70281584861133,3.78339097754588,-0.712630467378595,14.1182621646013,1
"19613",-78.8197,35.8652,"2020-05-07 21:00:00",4,6.68721028977592,1.56818923904673,3.61355938124433,9.76086119830751,1
"19614",-78.8197,35.8652,"2020-05-07 22:00:00",5,6.5856120814026,0.716622982445113,5.18103103581018,7.99019312699502,0
"19615",-78.8197,35.8652,"2020-05-07 23:00:00",6,8.88655786420683,0.855254507418309,7.21025902966695,10.5628566987467,0
