"","Lon","Lat","Timestamp","bias","std","MSE","Cov","Z"
"25",-82.5844,35.6062,2020-05-05 00:00:00,-14.7198830550106,9.89811184730094,314.647575294866,1,1000
"188",-80.342,36.026,2020-05-05 00:00:00,0.233972231683161,8.06060462172641,65.0280898729959,1,1000
"354",-78.8197,35.8652,2020-05-05 00:00:00,-0.582374866436237,8.42013131241674,71.2377718033975,1,1000
"251",-82.5844,35.6062,2020-05-05 00:00:00,-16.8611293351155,11.6753812543356,420.612209889583,1,5
"1881",-80.342,36.026,2020-05-05 00:00:00,0.97533925700147,10.1407387269714,103.785868594946,1,5
"3541",-78.8197,35.8652,2020-05-05 00:00:00,-0.33235663045925,10.2596314724999,105.37049888132,1,5
"252",-82.5844,35.6062,2020-05-05 00:00:00,-16.8503215101506,11.7233843765006,421.371076234624,1,4
"1882",-80.342,36.026,2020-05-05 00:00:00,0.709486758555836,9.95425315011528,99.590527237146,1,4
"3542",-78.8197,35.8652,2020-05-05 00:00:00,-0.120784020863899,10.1685337858907,103.413668134497,1,4
"253",-82.5844,35.6062,2020-05-05 00:00:00,-3.34599831448336,4.0529785853144,27.6223401335426,1,3
"1883",-80.342,36.026,2020-05-05 00:00:00,0.907717799870414,2.98741703752773,9.74861216031255,1,3
"3543",-78.8197,35.8652,2020-05-05 00:00:00,-1.05302463667671,3.18801413736836,11.2722950255087,1,3
"254",-82.5844,35.6062,2020-05-05 00:00:00,-3.56526698083175,3.93290991432432,28.1789090387997,1,2
"1884",-80.342,36.026,2020-05-05 00:00:00,0.821058120612786,3.11313233811793,10.3657293920598,1,2
"3544",-78.8197,35.8652,2020-05-05 00:00:00,-1.09659965638973,3.1846398528092,11.3444617984947,1,2
"255",-82.5844,35.6062,2020-05-05 00:00:00,-3.19436506965937,4.05701820533725,26.6633649166978,1,1
"1885",-80.342,36.026,2020-05-05 00:00:00,0.857311623983032,3.12984632431137,10.5309212344218,1,1
"3545",-78.8197,35.8652,2020-05-05 00:00:00,-1.18342475907964,3.25557108956917,11.9992372796413,1,1
"118",-80.851473,35.281791,2020-05-05 01:00:00,-9.21291845844735,5.42315266831372,114.288451385838,1,1000
"189",-80.342,36.026,2020-05-05 01:00:00,2.55565826243273,5.34166525212069,35.0647768200543,1,1000
"1181",-80.851473,35.281791,2020-05-05 01:00:00,-8.92866342662244,5.79093134088425,113.255916380741,1,5
"1891",-80.342,36.026,2020-05-05 01:00:00,2.52640369045008,5.48818208442207,36.5028581988911,1,5
"1182",-80.851473,35.281791,2020-05-05 01:00:00,-9.22308470566434,5.90874162947799,119.978519131786,1,4
"1892",-80.342,36.026,2020-05-05 01:00:00,2.33126173295987,5.76588051835378,38.6801594194948,1,4
"1183",-80.851473,35.281791,2020-05-05 01:00:00,-8.9727748090684,5.71104010679222,113.126666875642,1,3
"1893",-80.342,36.026,2020-05-05 01:00:00,2.43308230887959,5.75263092203122,39.0126520468927,1,3
"1184",-80.851473,35.281791,2020-05-05 01:00:00,-3.42572235981908,4.2265173532556,29.5990226239352,1,2
"1894",-80.342,36.026,2020-05-05 01:00:00,2.21876509669125,4.06874882833073,21.477635582338,1,2
"1185",-80.851473,35.281791,2020-05-05 01:00:00,-2.96576014107193,3.05062434653195,18.1020421180244,1,1
"1895",-80.342,36.026,2020-05-05 01:00:00,3.11136578238879,2.95103402021422,18.3891988202815,1,1
"26",-82.5844,35.6062,2020-05-05 02:00:00,-4.32353264660956,2.52798170461501,25.0836260451669,1,1000
"119",-80.851473,35.281791,2020-05-05 02:00:00,0.939933664553058,2.55506038323707,7.4118088557477,1,1000
"190",-80.342,36.026,2020-05-05 02:00:00,3.14777825182661,2.29114128901064,15.1578363288819,1,1000
"355",-78.8197,35.8652,2020-05-05 02:00:00,1.59096273716338,2.5283707170323,8.9238209137888,1,1000
"261",-82.5844,35.6062,2020-05-05 02:00:00,-5.56316616027469,3.10376355477537,40.5821659307773,1,5
"1191",-80.851473,35.281791,2020-05-05 02:00:00,0.1123177903859,2.89935138419795,8.41885373508773,1,5
"1901",-80.342,36.026,2020-05-05 02:00:00,3.29673663304483,2.89277139733527,19.2365987849008,1,5
"3551",-78.8197,35.8652,2020-05-05 02:00:00,1.62003718849079,3.14525833657892,12.5171704959124,1,5
"262",-82.5844,35.6062,2020-05-05 02:00:00,-5.59891700885456,3.13943019804376,41.20389364043,1,4
"1192",-80.851473,35.281791,2020-05-05 02:00:00,0.152358089660913,2.92788205834854,8.59570633508438,1,4
"1902",-80.342,36.026,2020-05-05 02:00:00,3.2559677209592,2.88348819144539,18.9158299501333,1,4
"3552",-78.8197,35.8652,2020-05-05 02:00:00,1.86413500091477,3.26542436274319,14.1379955704323,1,4
"263",-82.5844,35.6062,2020-05-05 02:00:00,-5.73427088565037,3.10424504873371,42.5181999126053,1,3
"1193",-80.851473,35.281791,2020-05-05 02:00:00,-0.11665573159442,3.04866467838177,9.30796488092644,1,3
"1903",-80.342,36.026,2020-05-05 02:00:00,3.21368793234118,3.04415068909225,19.5946435443761,1,3
"3553",-78.8197,35.8652,2020-05-05 02:00:00,1.60467477899019,3.28696266532335,13.3791047095568,1,3
"264",-82.5844,35.6062,2020-05-05 02:00:00,-4.05879148322774,2.40672277735755,22.2661028313736,1,2
"1194",-80.851473,35.281791,2020-05-05 02:00:00,2.77599947105693,2.52073548072962,14.0602804271176,1,2
"1904",-80.342,36.026,2020-05-05 02:00:00,3.35768797698504,2.35906782898834,16.8392695725576,1,2
"3554",-78.8197,35.8652,2020-05-05 02:00:00,2.25710527837931,2.50952957430761,11.3922629220123,1,2
"265",-82.5844,35.6062,2020-05-05 02:00:00,-3.71851854313716,2.45991608815909,19.8785673164388,1,1
"1195",-80.851473,35.281791,2020-05-05 02:00:00,5.81256992420263,2.84556872693552,41.8832305034584,0,1
"1905",-80.342,36.026,2020-05-05 02:00:00,2.83408401517201,2.27999514272235,13.230410055891,1,1
"3555",-78.8197,35.8652,2020-05-05 02:00:00,1.82077421548847,2.78743902804002,11.0850350788283,1,1
"27",-82.5844,35.6062,2020-05-05 03:00:00,-6.29644111378705,4.17501154058004,57.0758920633645,1,1000
"120",-80.851473,35.281791,2020-05-05 03:00:00,-2.77206435738254,4.07095893851524,24.2570474805478,1,1000
"191",-80.342,36.026,2020-05-05 03:00:00,-1.93208566441846,3.83541876283082,18.443392100926,1,1000
"356",-78.8197,35.8652,2020-05-05 03:00:00,-3.06584025102106,4.08077232476707,26.0520792113657,1,1000
"271",-82.5844,35.6062,2020-05-05 03:00:00,-6.0634927052592,3.98239135514786,52.6253846922879,1,5
"1201",-80.851473,35.281791,2020-05-05 03:00:00,-2.52896667956153,3.92977223898966,21.8387823166663,1,5
"1911",-80.342,36.026,2020-05-05 03:00:00,-1.75820198386861,3.74211621561258,17.0947079872302,1,5
"3561",-78.8197,35.8652,2020-05-05 03:00:00,-2.76792620573278,4.02636959573098,23.8730676018091,1,5
"272",-82.5844,35.6062,2020-05-05 03:00:00,-5.98239674142481,4.05728075998147,52.250597937126,1,4
"1202",-80.851473,35.281791,2020-05-05 03:00:00,-2.60036346673323,3.88599505907543,21.8628477582795,1,4
"1912",-80.342,36.026,2020-05-05 03:00:00,-1.79129618075027,3.78585124258527,17.5414116381549,1,4
"3562",-78.8197,35.8652,2020-05-05 03:00:00,-2.91719869672066,4.10744683150426,25.3811677097831,1,4
"273",-82.5844,35.6062,2020-05-05 03:00:00,-5.99570293309989,4.01334322914608,52.0553775369152,1,3
"1203",-80.851473,35.281791,2020-05-05 03:00:00,-2.75797213522504,3.78409128907887,21.9257571827603,1,3
"1913",-80.342,36.026,2020-05-05 03:00:00,-1.58594012010308,3.73912542417472,16.4962650022624,1,3
"3563",-78.8197,35.8652,2020-05-05 03:00:00,-2.8435606816783,4.00917864560892,24.1593507627933,1,3
"274",-82.5844,35.6062,2020-05-05 03:00:00,-4.80684464404181,2.72687117593184,30.5415818420813,1,2
"1204",-80.851473,35.281791,2020-05-05 03:00:00,-2.26849063395868,2.64590110630796,12.14684242072,1,2
"1914",-80.342,36.026,2020-05-05 03:00:00,-1.675698360532,2.50175642168051,9.06675018890929,1,2
"3564",-78.8197,35.8652,2020-05-05 03:00:00,-2.6317692615707,2.78779359142658,14.6980025545475,1,2
"275",-82.5844,35.6062,2020-05-05 03:00:00,-6.78827648206008,2.14022348731775,50.6612541725566,0,1
"1205",-80.851473,35.281791,2020-05-05 03:00:00,-1.73443756015824,2.61012998829116,9.82105220586447,1,1
"1915",-80.342,36.026,2020-05-05 03:00:00,-0.806203873525158,2.04596260823317,4.83592767997523,1,1
"3565",-78.8197,35.8652,2020-05-05 03:00:00,-1.89275452868314,2.36215881531027,9.16231397459856,1,1
"28",-82.5844,35.6062,2020-05-05 04:00:00,-4.33437135429447,3.06309981044797,28.1693554856949,1,1000
"121",-80.851473,35.281791,2020-05-05 04:00:00,2.93366883627371,2.90438747375205,17.0418794386114,1,1000
"192",-80.342,36.026,2020-05-05 04:00:00,-0.550242484087286,2.93123187666108,8.8948871060486,1,1000
"357",-78.8197,35.8652,2020-05-05 04:00:00,-4.26323208612142,3.20892575215281,28.4723523029647,1,1000
"281",-82.5844,35.6062,2020-05-05 04:00:00,-4.40717734030227,3.15798285430635,29.3960678169667,1,5
"1211",-80.851473,35.281791,2020-05-05 04:00:00,2.7852867328765,2.86692074383354,15.9770567357609,1,5
"1921",-80.342,36.026,2020-05-05 04:00:00,-0.601537696336361,2.87690973621924,8.63845723046671,1,5
"3571",-78.8197,35.8652,2020-05-05 04:00:00,-4.41701213217507,3.16379800416091,29.5196139869143,1,5
"282",-82.5844,35.6062,2020-05-05 04:00:00,-4.37929159959544,2.99626210216612,28.1557814991641,1,4
"1212",-80.851473,35.281791,2020-05-05 04:00:00,3.08693564493569,2.79557691403331,17.3444219582505,1,4
"1922",-80.342,36.026,2020-05-05 04:00:00,-0.5488466377206,2.83870034899858,8.35945230314189,1,4
"3572",-78.8197,35.8652,2020-05-05 04:00:00,-4.27489473635989,3.29949323142301,29.1613805911637,1,4
"283",-82.5844,35.6062,2020-05-05 04:00:00,-4.15011064339037,3.00359342488954,26.2449918144217,1,3
"1213",-80.851473,35.281791,2020-05-05 04:00:00,2.97834612665944,2.88381281215815,17.1869219857548,1,3
"1923",-80.342,36.026,2020-05-05 04:00:00,-0.5826848419254,2.85217774624589,8.47443952118994,1,3
"3573",-78.8197,35.8652,2020-05-05 04:00:00,-4.24434471524685,3.12904539009053,27.8053871150906,1,3
"284",-82.5844,35.6062,2020-05-05 04:00:00,-4.09563311989256,3.02457905243173,25.9222890971697,1,2
"1214",-80.851473,35.281791,2020-05-05 04:00:00,2.91419608612565,2.83273034316994,16.5169000255057,1,2
"1924",-80.342,36.026,2020-05-05 04:00:00,-0.668528041937765,2.77972098716335,8.17377850933355,1,2
"3574",-78.8197,35.8652,2020-05-05 04:00:00,-4.31112152438691,3.11998810132527,28.3200945504433,1,2
"285",-82.5844,35.6062,2020-05-05 04:00:00,-5.08294862922524,1.51335442855448,28.1266083937682,0,1
"1215",-80.851473,35.281791,2020-05-05 04:00:00,3.85257733551871,1.36237482946457,16.6984173021111,0,1
"1925",-80.342,36.026,2020-05-05 04:00:00,-1.65529947936858,1.62690225617101,5.38682731753221,1,1
"3575",-78.8197,35.8652,2020-05-05 04:00:00,-4.47041068277843,1.62567082131262,22.6273772919668,0,1
"29",-82.5844,35.6062,2020-05-05 05:00:00,-0.318504647600198,1.84594813698151,3.50896973496844,1,1000
"122",-80.851473,35.281791,2020-05-05 05:00:00,1.92026817255341,1.78002507220675,6.85591911220625,1,1000
"193",-80.342,36.026,2020-05-05 05:00:00,1.89834727131461,1.72804737522245,6.58987009352079,1,1000
"358",-78.8197,35.8652,2020-05-05 05:00:00,-0.123842363220332,1.99752319724411,4.00543585445633,1,1000
"291",-82.5844,35.6062,2020-05-05 05:00:00,-0.334216413306272,1.89878082008692,3.71706921365328,1,5
"1221",-80.851473,35.281791,2020-05-05 05:00:00,1.8268805176012,1.80306647649905,6.58854114426553,1,5
"1931",-80.342,36.026,2020-05-05 05:00:00,1.83958772902941,1.78110154342035,6.55640572076991,1,5
"3581",-78.8197,35.8652,2020-05-05 05:00:00,-0.173030451619245,2.07578427513086,4.3388198940681,1,5
"292",-82.5844,35.6062,2020-05-05 05:00:00,-0.241177287390808,1.89820778734986,3.66135928790886,1,4
"1222",-80.851473,35.281791,2020-05-05 05:00:00,1.79592977377249,1.83240657626992,6.58307761307976,1,4
"1932",-80.342,36.026,2020-05-05 05:00:00,1.73878854224051,1.79251520273823,6.23649634667456,1,4
"3582",-78.8197,35.8652,2020-05-05 05:00:00,-0.176478012207919,2.0030043055199,4.04317073672411,1,4
"293",-82.5844,35.6062,2020-05-05 05:00:00,-0.248732545752935,1.79115139033734,3.27009118242411,1,3
"1223",-80.851473,35.281791,2020-05-05 05:00:00,1.93713008954995,1.73461289029949,6.76135486303297,1,3
"1933",-80.342,36.026,2020-05-05 05:00:00,1.79020147360546,1.80268798095199,6.45450527276791,1,3
"3583",-78.8197,35.8652,2020-05-05 05:00:00,-0.243580523952436,2.00210634483351,4.06776128767156,1,3
"294",-82.5844,35.6062,2020-05-05 05:00:00,-0.266987218741979,1.3798692362334,1.97532128407491,1,2
"1224",-80.851473,35.281791,2020-05-05 05:00:00,2.05631596643595,1.35381257973535,6.06124385486911,1,2
"1934",-80.342,36.026,2020-05-05 05:00:00,2.022659600194,1.33246571221017,5.86661673247271,1,2
"3584",-78.8197,35.8652,2020-05-05 05:00:00,-0.115814315446304,1.54223881465138,2.3919135170796,1,2
"295",-82.5844,35.6062,2020-05-05 05:00:00,-2.55509360689098,1.61662666238653,9.14198510551414,1,1
"1225",-80.851473,35.281791,2020-05-05 05:00:00,0.021804491035212,1.74947284746408,3.06113067984338,1,1
"1935",-80.342,36.026,2020-05-05 05:00:00,0.121484353921347,1.18396580205836,1.41653346869137,1,1
"3585",-78.8197,35.8652,2020-05-05 05:00:00,-0.0611716318750322,1.34952774098316,1.82496709222936,1,1
"30",-82.5844,35.6062,2020-05-05 06:00:00,4.31934775915084,2.47827737856263,24.7986238295767,1,1000
"123",-80.851473,35.281791,2020-05-05 06:00:00,3.34609149253458,2.37980026730765,16.8597775886899,1,1000
"194",-80.342,36.026,2020-05-05 06:00:00,1.60102138406896,2.39221077284434,8.2859418539586,1,1000
"359",-78.8197,35.8652,2020-05-05 06:00:00,-0.225761965693381,2.60297537532249,6.82644926968901,1,1000
"301",-82.5844,35.6062,2020-05-05 06:00:00,4.23345667403227,2.47526417402151,24.0490881421028,1,5
"1231",-80.851473,35.281791,2020-05-05 06:00:00,3.416129310978,2.36364818197869,17.2567721974942,1,5
"1941",-80.342,36.026,2020-05-05 06:00:00,1.61037874906483,2.35937144860674,8.15995334794027,1,5
"3591",-78.8197,35.8652,2020-05-05 06:00:00,-0.177977531941712,2.56639297066691,6.61804888176461,1,5
"302",-82.5844,35.6062,2020-05-05 06:00:00,4.32339292357556,2.4865711365305,24.8747623886498,1,4
"1232",-80.851473,35.281791,2020-05-05 06:00:00,3.36977669994636,2.2935429932916,16.6157344695784,1,4
"1942",-80.342,36.026,2020-05-05 06:00:00,1.65305393063893,2.31812932241471,8.10631085303971,1,4
"3592",-78.8197,35.8652,2020-05-05 06:00:00,-0.248675573793882,2.60218070914281,6.83318398403669,1,4
"303",-82.5844,35.6062,2020-05-05 06:00:00,4.61060631398118,2.74131447251399,28.7724956197378,1,3
"1233",-80.851473,35.281791,2020-05-05 06:00:00,3.95909211543099,2.50507241825276,21.9497981991586,1,3
"1943",-80.342,36.026,2020-05-05 06:00:00,1.30836085964299,2.4910217053055,7.91699727534884,1,3
"3593",-78.8197,35.8652,2020-05-05 06:00:00,-0.678357151195979,2.83412365217018,8.49242530036919,1,3
"304",-82.5844,35.6062,2020-05-05 06:00:00,4.62484212023819,2.67664129865071,28.5535732787718,1,2
"1234",-80.851473,35.281791,2020-05-05 06:00:00,3.87952358744101,2.61910217900623,21.9103994895863,1,2
"1944",-80.342,36.026,2020-05-05 06:00:00,1.49366477577466,2.5976491560864,8.97881560050636,1,2
"3594",-78.8197,35.8652,2020-05-05 06:00:00,-0.666168567295168,2.78384386624204,8.19356723166552,1,2
"305",-82.5844,35.6062,2020-05-05 06:00:00,4.9314707155778,1.46619889090983,26.4691426063066,0,1
"1235",-80.851473,35.281791,2020-05-05 06:00:00,3.92876451918453,1.87916743690602,18.9664609031312,0,1
"1945",-80.342,36.026,2020-05-05 06:00:00,1.2412944444042,1.36185779617428,3.3954685547094,1,1
"3595",-78.8197,35.8652,2020-05-05 06:00:00,1.37799798284416,1.69453356249897,4.77032243515804,1,1
"31",-82.5844,35.6062,2020-05-05 07:00:00,-4.80896019031814,2.93978072801801,31.7684088408908,1,1000
"124",-80.851473,35.281791,2020-05-05 07:00:00,4.3666293542191,2.71436334688591,26.4352202960456,1,1000
"195",-80.342,36.026,2020-05-05 07:00:00,0.252813163897099,2.83195125622611,8.08386241348031,1,1000
"360",-78.8197,35.8652,2020-05-05 07:00:00,0.755646093034785,2.93744248840264,9.1995693905918,1,1000
"311",-82.5844,35.6062,2020-05-05 07:00:00,-4.65683568750147,2.89928690869455,30.0919831993149,1,5
"1241",-80.851473,35.281791,2020-05-05 07:00:00,4.29676008593891,2.72857454918878,25.9072663065985,1,5
"1951",-80.342,36.026,2020-05-05 07:00:00,0.230034582726819,2.76258676469879,7.68480154173923,1,5
"3601",-78.8197,35.8652,2020-05-05 07:00:00,0.575201173355696,2.88878108730119,8.67591256017884,1,5
"312",-82.5844,35.6062,2020-05-05 07:00:00,-4.55011841806467,2.94384634258809,29.3698089071806,1,4
"1242",-80.851473,35.281791,2020-05-05 07:00:00,4.41590043931838,2.66718332063263,26.6140435558332,1,4
"1952",-80.342,36.026,2020-05-05 07:00:00,0.282117880076438,2.72815688552358,7.52243049028852,1,4
"3602",-78.8197,35.8652,2020-05-05 07:00:00,0.601172886128333,2.81839857454198,8.30477936399615,1,4
"313",-82.5844,35.6062,2020-05-05 07:00:00,-4.48985395862529,2.91177739486504,28.6372361670302,1,3
"1243",-80.851473,35.281791,2020-05-05 07:00:00,4.31428151906213,2.72294384917678,26.0274482314906,1,3
"1953",-80.342,36.026,2020-05-05 07:00:00,0.387107202241643,2.70199971741671,7.45065445894732,1,3
"3603",-78.8197,35.8652,2020-05-05 07:00:00,0.655430419167902,2.90801744936064,8.88615452015658,1,3
"314",-82.5844,35.6062,2020-05-05 07:00:00,-4.02400747497991,2.65557169197307,23.2446971699029,1,2
"1244",-80.851473,35.281791,2020-05-05 07:00:00,4.26922390778097,2.38961799016669,23.9365469136969,1,2
"1954",-80.342,36.026,2020-05-05 07:00:00,0.597209656040376,2.39205278698032,6.0785759089682,1,2
"3604",-78.8197,35.8652,2020-05-05 07:00:00,0.423277423257835,2.58520748409069,6.86246151283833,1,2
"315",-82.5844,35.6062,2020-05-05 07:00:00,-1.94154894811734,1.52668755066874,6.10038719530246,1,1
"1245",-80.851473,35.281791,2020-05-05 07:00:00,6.00261865624418,1.48571050911765,38.2387664491933,0,1
"1955",-80.342,36.026,2020-05-05 07:00:00,0.356622000997733,1.53000909412828,2.46810707971086,1,1
"3605",-78.8197,35.8652,2020-05-05 07:00:00,-0.565427087107921,1.50842109996823,2.59504200566473,1,1
"32",-82.5844,35.6062,2020-05-05 08:00:00,-3.65855058550457,3.64527534986179,26.6730247630058,1,1000
"125",-80.851473,35.281791,2020-05-05 08:00:00,-3.32126248512482,3.50353085739208,23.305512963796,1,1000
"196",-80.342,36.026,2020-05-05 08:00:00,1.16709637805793,3.43217265329866,13.1419230777271,1,1000
"361",-78.8197,35.8652,2020-05-05 08:00:00,-1.34737560305254,3.73398049956217,15.7580313868118,1,1000
"321",-82.5844,35.6062,2020-05-05 08:00:00,-3.63531039547198,3.74155858185765,27.2147422928993,1,5
"1251",-80.851473,35.281791,2020-05-05 08:00:00,-3.4142891129078,3.61099393452452,24.6966473416936,1,5
"1961",-80.342,36.026,2020-05-05 08:00:00,0.902260337713487,3.50008109967933,13.0646414213433,1,5
"3611",-78.8197,35.8652,2020-05-05 08:00:00,-1.25117128740634,3.81927198705292,16.1522681015172,1,5
"322",-82.5844,35.6062,2020-05-05 08:00:00,-3.74316314866721,3.66991988868019,27.4795823468706,1,4
"1252",-80.851473,35.281791,2020-05-05 08:00:00,-3.3464681164657,3.65291735474723,24.542654055135,1,4
"1962",-80.342,36.026,2020-05-05 08:00:00,0.971631092076912,3.41808585989592,12.627377924711,1,4
"3612",-78.8197,35.8652,2020-05-05 08:00:00,-1.34315925391509,3.66075034245014,15.2051698511265,1,4
"323",-82.5844,35.6062,2020-05-05 08:00:00,-3.39503097759035,3.7016126747846,25.2281717329241,1,3
"1253",-80.851473,35.281791,2020-05-05 08:00:00,-3.07896049368467,3.85746321971469,24.3600202131225,1,3
"1963",-80.342,36.026,2020-05-05 08:00:00,0.815169925775057,3.66696983738332,14.1111697961672,1,3
"3613",-78.8197,35.8652,2020-05-05 08:00:00,-1.61061686395494,3.82903014335819,17.2555585212017,1,3
"324",-82.5844,35.6062,2020-05-05 08:00:00,-3.08682613492701,3.41837532089935,21.2137854218021,1,2
"1254",-80.851473,35.281791,2020-05-05 08:00:00,-2.54420777875713,3.41016564391726,18.1022229404419,1,2
"1964",-80.342,36.026,2020-05-05 08:00:00,1.22775250248083,3.24928511182361,12.0652299452665,1,2
"3614",-78.8197,35.8652,2020-05-05 08:00:00,-1.27234888911505,3.4470875397937,13.5012842026333,1,2
"325",-82.5844,35.6062,2020-05-05 08:00:00,-1.85659406477361,2.11901042325762,7.93714669522702,1,1
"1255",-80.851473,35.281791,2020-05-05 08:00:00,1.51955876398491,2.2346478010589,7.3027096319807,1,1
"1965",-80.342,36.026,2020-05-05 08:00:00,0.764771246123372,1.92313716482712,4.28333161363638,1,1
"3615",-78.8197,35.8652,2020-05-05 08:00:00,-0.144751269348863,2.1842523057157,4.79191106500246,1,1
"33",-82.5844,35.6062,2020-05-05 09:00:00,-5.37996485801426,3.1061168113837,38.5919835194288,1,1000
"126",-80.851473,35.281791,2020-05-05 09:00:00,1.94720577416048,3.09924741150295,13.3969448446317,1,1000
"197",-80.342,36.026,2020-05-05 09:00:00,-0.333604364916643,3.01076221849703,9.17598100862058,1,1000
"362",-78.8197,35.8652,2020-05-05 09:00:00,2.4570800333992,3.34988797847963,17.2589917588914,1,1000
"331",-82.5844,35.6062,2020-05-05 09:00:00,-5.17689508863269,3.15943293491789,36.7822592289531,1,5
"1261",-80.851473,35.281791,2020-05-05 09:00:00,2.12688016805276,3.10207076927082,14.1464623068206,1,5
"1971",-80.342,36.026,2020-05-05 09:00:00,-0.240335691593993,2.92815256272557,8.6318386752503,1,5
"3621",-78.8197,35.8652,2020-05-05 09:00:00,2.48433250518681,3.38951386755161,17.6607122546524,1,5
"332",-82.5844,35.6062,2020-05-05 09:00:00,-5.31301779540671,3.22089922584109,38.6023499173322,1,4
"1262",-80.851473,35.281791,2020-05-05 09:00:00,2.10165476025952,3.19956260298517,14.6541535817427,1,4
"1972",-80.342,36.026,2020-05-05 09:00:00,-0.228458806332447,2.9560019490503,8.79014094898,1,4
"3622",-78.8197,35.8652,2020-05-05 09:00:00,2.51139097171165,3.36662410652404,17.6412424874235,1,4
"333",-82.5844,35.6062,2020-05-05 09:00:00,-5.24176336134679,3.11885919034469,37.2033657855551,1,3
"1263",-80.851473,35.281791,2020-05-05 09:00:00,2.12417410826113,3.01749565575393,13.6173956747008,1,3
"1973",-80.342,36.026,2020-05-05 09:00:00,-0.303800685680586,2.98803437273855,9.02064426928705,1,3
"3623",-78.8197,35.8652,2020-05-05 09:00:00,2.6475479703161,3.46154554406387,18.9918078087533,1,3
"334",-82.5844,35.6062,2020-05-05 09:00:00,-5.28035539492288,2.81303551826139,35.7953219236913,1,2
"1264",-80.851473,35.281791,2020-05-05 09:00:00,3.05870103404737,2.70871288877765,16.6927775295126,1,2
"1974",-80.342,36.026,2020-05-05 09:00:00,0.105186755378562,2.47822925338324,6.15268448583151,1,2
"3624",-78.8197,35.8652,2020-05-05 09:00:00,2.79083305774985,2.92526114778297,16.3459019389579,1,2
"335",-82.5844,35.6062,2020-05-05 09:00:00,-3.8835023947048,2.44620070975309,21.0654887620744,1,1
"1265",-80.851473,35.281791,2020-05-05 09:00:00,3.96087436596838,2.69503142619606,22.9517201311698,1,1
"1975",-80.342,36.026,2020-05-05 09:00:00,-0.399235078448511,2.21969322154134,5.08642664562034,1,1
"3625",-78.8197,35.8652,2020-05-05 09:00:00,-0.122235095474507,2.80494817160128,7.88267566393504,1,1
"34",-82.5844,35.6062,2020-05-05 10:00:00,-2.82886455443796,3.2166167338699,18.3490978799674,1,1000
"127",-80.851473,35.281791,2020-05-05 10:00:00,0.417978795198185,3.04057080586351,9.4197770987048,1,1000
"198",-80.342,36.026,2020-05-05 10:00:00,-0.777538596856102,2.88281589275091,8.9151937410982,1,1000
"363",-78.8197,35.8652,2020-05-05 10:00:00,0.223003923818137,3.216885434527,10.3980826489103,1,1000
"341",-82.5844,35.6062,2020-05-05 10:00:00,-2.65672549766673,3.21835539347393,17.4160018086553,1,5
"1271",-80.851473,35.281791,2020-05-05 10:00:00,0.236995463896283,3.10030550041838,9.66806104583187,1,5
"1981",-80.342,36.026,2020-05-05 10:00:00,-0.817350261697738,3.03399647157195,9.87319603980842,1,5
"3631",-78.8197,35.8652,2020-05-05 10:00:00,0.304904207632994,3.28429150828672,10.8795372872365,1,5
"342",-82.5844,35.6062,2020-05-05 10:00:00,-2.5662538835328,3.24058300037237,17.0870371770496,1,4
"1272",-80.851473,35.281791,2020-05-05 10:00:00,0.281667194594814,3.08636728289054,9.60499941340807,1,4
"1982",-80.342,36.026,2020-05-05 10:00:00,-0.726752202777346,3.1305474964887,10.3284963920134,1,4
"3632",-78.8197,35.8652,2020-05-05 10:00:00,0.265947371214049,3.26638290300422,10.7399852732939,1,4
"343",-82.5844,35.6062,2020-05-05 10:00:00,-2.7769972582914,3.32691746154719,18.7800935685056,1,3
"1273",-80.851473,35.281791,2020-05-05 10:00:00,0.162931840585273,3.2570859966955,10.6351559745464,1,3
"1983",-80.342,36.026,2020-05-05 10:00:00,-0.840363849883598,3.07281674123135,10.1484141253828,1,3
"3633",-78.8197,35.8652,2020-05-05 10:00:00,0.151998977800554,3.44687667130611,11.9040624764467,1,3
"344",-82.5844,35.6062,2020-05-05 10:00:00,-1.20034553720709,2.21489724115685,6.34659919757718,1,2
"1274",-80.851473,35.281791,2020-05-05 10:00:00,2.24884857704719,2.11067553513647,9.51227113711081,1,2
"1984",-80.342,36.026,2020-05-05 10:00:00,-0.453599413964645,2.11348921823821,4.67258910395823,1,2
"3634",-78.8197,35.8652,2020-05-05 10:00:00,0.186220464447902,2.18588026906388,4.81275061206196,1,2
"345",-82.5844,35.6062,2020-05-05 10:00:00,-0.757659029054577,2.16774185150761,5.27315193908557,1,1
"1275",-80.851473,35.281791,2020-05-05 10:00:00,2.33181077093879,2.17502722605347,10.16808490554,1,1
"1985",-80.342,36.026,2020-05-05 10:00:00,-0.658279939880918,2.02050008329936,4.51575306586233,1,1
"3635",-78.8197,35.8652,2020-05-05 10:00:00,-0.26487745937305,2.30734620074442,5.39400655857365,1,1
"35",-82.5844,35.6062,2020-05-05 11:00:00,-3.05991191436838,3.45041457829186,21.2684216857826,1,1000
"128",-80.851473,35.281791,2020-05-05 11:00:00,1.17879685606613,3.08474666117458,10.9052239914991,1,1000
"199",-80.342,36.026,2020-05-05 11:00:00,0.462498835569835,3.01619291955135,9.31132490085512,1,1000
"364",-78.8197,35.8652,2020-05-05 11:00:00,-2.31162376079903,3.28546067524832,16.1378562600938,1,1000
"351",-82.5844,35.6062,2020-05-05 11:00:00,-3.05523171630125,3.4165058849672,21.0069533023086,1,5
"1281",-80.851473,35.281791,2020-05-05 11:00:00,1.32621958077756,2.99863378983032,10.75066298195,1,5
"1991",-80.342,36.026,2020-05-05 11:00:00,0.387158306040754,3.00004835266795,9.15018167228205,1,5
"3641",-78.8197,35.8652,2020-05-05 11:00:00,-2.19406221202589,3.20114964261229,15.0612680246367,1,5
"352",-82.5844,35.6062,2020-05-05 11:00:00,-3.29222604878136,3.55710741143412,23.4917654927541,1,4
"1282",-80.851473,35.281791,2020-05-05 11:00:00,1.10608909319689,3.19180944902691,11.4110806409866,1,4
"1992",-80.342,36.026,2020-05-05 11:00:00,0.420991592645137,3.15557746840248,10.1349030801673,1,4
"3642",-78.8197,35.8652,2020-05-05 11:00:00,-2.42907671153346,3.3560517716621,17.1634971645905,1,4
"353",-82.5844,35.6062,2020-05-05 11:00:00,-3.07515478502358,3.48228556818729,21.5828897302589,1,3
"1283",-80.851473,35.281791,2020-05-05 11:00:00,1.11101639775592,3.12725275850912,11.0140672516855,1,3
"1993",-80.342,36.026,2020-05-05 11:00:00,0.353142995841862,3.02761587578601,9.29116786682367,1,3
"3643",-78.8197,35.8652,2020-05-05 11:00:00,-2.40486018868754,3.32888799082927,16.8648477826216,1,3
"3510",-82.5844,35.6062,2020-05-05 11:00:00,-1.15725861559381,2.96382271449272,10.1234925863091,1,2
"1284",-80.851473,35.281791,2020-05-05 11:00:00,2.57251294188624,2.68234835517901,13.8128155347038,1,2
"1994",-80.342,36.026,2020-05-05 11:00:00,0.409039984681621,2.72773505895701,7.60785226093152,1,2
"3644",-78.8197,35.8652,2020-05-05 11:00:00,-2.24852912970793,2.85296409178851,13.1952873561797,1,2
"3511",-82.5844,35.6062,2020-05-05 11:00:00,-0.268261670682785,2.2336210415316,5.06102728113025,1,1
"1285",-80.851473,35.281791,2020-05-05 11:00:00,3.44298045547463,2.01831131982623,15.927695000519,1,1
"1995",-80.342,36.026,2020-05-05 11:00:00,-0.394057918752498,2.07382295834801,4.45602330590283,1,1
"3645",-78.8197,35.8652,2020-05-05 11:00:00,-2.03540249718595,2.16269857614641,8.82012845681653,1,1
"36",-82.5844,35.6062,2020-05-05 12:00:00,0.682966466409408,4.37632997723454,19.6187072638815,1,1000
"129",-80.851473,35.281791,2020-05-05 12:00:00,-2.9744725320568,4.21188940011107,26.5874991627284,1,1000
"200",-80.342,36.026,2020-05-05 12:00:00,0.0510642926960241,4.01737245210485,16.1418889809195,1,1000
"365",-78.8197,35.8652,2020-05-05 12:00:00,-4.11857492816204,4.08553581565209,33.6542623398609,1,1000
"366",-82.5844,35.6062,2020-05-05 12:00:00,-1.44128019716674,4.44806928738087,21.862608992086,1,5
"1291",-80.851473,35.281791,2020-05-05 12:00:00,-3.82253568423835,4.00251396144439,30.6318970688329,1,5
"2001",-80.342,36.026,2020-05-05 12:00:00,-0.107986015836667,3.68345453050517,13.5794982579153,1,5
"3651",-78.8197,35.8652,2020-05-05 12:00:00,-3.38598096067202,3.91858077174788,26.8201423307456,1,5
"367",-82.5844,35.6062,2020-05-05 12:00:00,-1.44970735722887,4.55836255429538,22.8803205980058,1,4
"1292",-80.851473,35.281791,2020-05-05 12:00:00,-3.92585151513284,4.17611374079228,32.852236094905,1,4
"2002",-80.342,36.026,2020-05-05 12:00:00,-0.0534898429894275,3.83003775702508,14.6720503835407,1,4
"3652",-78.8197,35.8652,2020-05-05 12:00:00,-3.30685630260373,4.14831217044668,28.1437924695461,1,4
"368",-82.5844,35.6062,2020-05-05 12:00:00,-1.34380267994052,4.35896026028049,20.8063401933198,1,3
"1293",-80.851473,35.281791,2020-05-05 12:00:00,-4.00825966656071,4.1376465625297,33.1862646309912,1,3
"2003",-80.342,36.026,2020-05-05 12:00:00,-0.0330596029820351,3.736483285042,13.9624002767476,1,3
"3653",-78.8197,35.8652,2020-05-05 12:00:00,-3.50136735868301,3.99177729904528,28.193859385624,1,3
"369",-82.5844,35.6062,2020-05-05 12:00:00,1.47614482896285,4.17604129835906,19.6183244816742,1,2
"1294",-80.851473,35.281791,2020-05-05 12:00:00,-2.11862154310202,3.75428713307297,18.5832291204532,1,2
"2004",-80.342,36.026,2020-05-05 12:00:00,0.459611999806512,3.40263268914045,11.7891524075733,1,2
"3654",-78.8197,35.8652,2020-05-05 12:00:00,-3.38288011108297,3.5878013079627,24.3161960713796,1,2
"3610",-82.5844,35.6062,2020-05-05 12:00:00,1.40657100236006,2.74170003703371,9.4953610777508,1,1
"1295",-80.851473,35.281791,2020-05-05 12:00:00,-1.75366333989606,2.53257758026594,9.48928430976112,1,1
"2005",-80.342,36.026,2020-05-05 12:00:00,-0.590348821406183,2.31923652659561,5.72736979723093,1,1
"3655",-78.8197,35.8652,2020-05-05 12:00:00,-2.91225334761036,2.45316068797703,14.4992169217037,1,1
"37",-82.5844,35.6062,2020-05-05 13:00:00,-3.85083338260918,3.64739976895301,28.1324428151758,1,1000
"130",-80.851473,35.281791,2020-05-05 13:00:00,-6.15450106483174,3.47138865967019,49.9284225835018,1,1000
"201",-80.342,36.026,2020-05-05 13:00:00,-1.61080277445181,3.47742320112148,14.6871576978796,1,1000
"3661",-78.8197,35.8652,2020-05-05 13:00:00,-3.01324790585948,3.70638776657982,22.8169732184191,1,1000
"371",-82.5844,35.6062,2020-05-05 13:00:00,-4.48286408286888,3.44064075124934,31.9340791646335,1,5
"1301",-80.851473,35.281791,2020-05-05 13:00:00,-5.4434536340098,3.13886508344504,39.4836614776849,1,5
"2011",-80.342,36.026,2020-05-05 13:00:00,-1.14103395570481,3.24571800623007,11.8366438640375,1,5
"3662",-78.8197,35.8652,2020-05-05 13:00:00,-2.57050625976794,3.26122865259968,17.2431147560433,1,5
"372",-82.5844,35.6062,2020-05-05 13:00:00,-4.424217818111,3.48607736162885,31.726438673352,1,4
"1302",-80.851473,35.281791,2020-05-05 13:00:00,-5.45491816450317,3.01449608685635,38.8433188390988,1,4
"2012",-80.342,36.026,2020-05-05 13:00:00,-1.08605602936988,3.16503415728305,11.1969589156991,1,4
"3663",-78.8197,35.8652,2020-05-05 13:00:00,-2.72246505240493,3.27040555362553,18.1073684467509,1,4
"373",-82.5844,35.6062,2020-05-05 13:00:00,-4.21788353419665,3.70028280609908,31.4826343531597,1,3
"1303",-80.851473,35.281791,2020-05-05 13:00:00,-5.71730912738401,3.24539004118385,43.2201801774839,1,3
"2013",-80.342,36.026,2020-05-05 13:00:00,-1.31665264264377,3.3494392369201,12.9523173832007,1,3
"3664",-78.8197,35.8652,2020-05-05 13:00:00,-2.72428825350219,3.63110453200932,20.6066666105486,1,3
"374",-82.5844,35.6062,2020-05-05 13:00:00,-3.23763178696515,2.52405143568583,16.8530952379549,1,2
"1304",-80.851473,35.281791,2020-05-05 13:00:00,-4.89222115929655,2.22953474560619,28.9046530533341,0,2
"2014",-80.342,36.026,2020-05-05 13:00:00,-1.3663297617874,2.3489724565765,7.38452861970104,1,2
"3665",-78.8197,35.8652,2020-05-05 13:00:00,-2.88363724703837,2.39024557493079,14.0286376809832,1,2
"375",-82.5844,35.6062,2020-05-05 13:00:00,-4.83157898873612,2.00261112518741,27.3546068431208,0,1
"1305",-80.851473,35.281791,2020-05-05 13:00:00,-2.9892739649275,1.85027907446148,12.3592914907834,1,1
"2015",-80.342,36.026,2020-05-05 13:00:00,0.0909104707442872,1.9457762780292,3.79431003783212,1,1
"3666",-78.8197,35.8652,2020-05-05 13:00:00,-4.08949328886126,1.97920725782772,20.6412167290792,0,1
"38",-82.5844,35.6062,2020-05-05 14:00:00,-3.47608365409631,3.16983647272694,22.1310208341055,1,1000
"131",-80.851473,35.281791,2020-05-05 14:00:00,-0.315488886022594,3.25357698608161,10.6852964415637,1,1000
"202",-80.342,36.026,2020-05-05 14:00:00,-1.21347145761166,3.1337838589917,11.2931142533151,1,1000
"3671",-78.8197,35.8652,2020-05-05 14:00:00,0.847670410979394,3.21945972088031,11.0834660200207,1,1000
"381",-82.5844,35.6062,2020-05-05 14:00:00,-2.71446073822531,3.75561331872431,21.4729284991461,1,5
"1311",-80.851473,35.281791,2020-05-05 14:00:00,-0.262914226083193,4.01322746177601,16.1751185502301,1,5
"2021",-80.342,36.026,2020-05-05 14:00:00,-1.20903216549578,3.613873412781,14.5218398208088,1,5
"3672",-78.8197,35.8652,2020-05-05 14:00:00,-0.0808211425993299,3.84365665911694,14.7802285702651,1,5
"382",-82.5844,35.6062,2020-05-05 14:00:00,-2.73762986980408,3.89680325859332,22.679692940227,1,4
"1312",-80.851473,35.281791,2020-05-05 14:00:00,-0.186994233038975,3.9214175613462,15.4124825336242,1,4
"2022",-80.342,36.026,2020-05-05 14:00:00,-1.03183837689345,3.58068320306412,13.8859826367356,1,4
"3673",-78.8197,35.8652,2020-05-05 14:00:00,-0.151362681695879,3.68992888862631,13.6384858645292,1,4
"383",-82.5844,35.6062,2020-05-05 14:00:00,-2.52751033863921,3.74933589550625,20.4458281692597,1,3
"1313",-80.851473,35.281791,2020-05-05 14:00:00,0.162219616355214,3.95001691670292,15.6289488461697,1,3
"2023",-80.342,36.026,2020-05-05 14:00:00,-0.946174756583154,3.69061009745258,14.5158495614142,1,3
"3674",-78.8197,35.8652,2020-05-05 14:00:00,-0.555616552106386,3.82384201903561,14.9304775395169,1,3
"384",-82.5844,35.6062,2020-05-05 14:00:00,-1.39341119664249,2.20255566027507,6.79284619953842,1,2
"1314",-80.851473,35.281791,2020-05-05 14:00:00,1.15716821861523,2.46387818963842,7.40973401954907,1,2
"2024",-80.342,36.026,2020-05-05 14:00:00,-0.836104225094999,2.17852372620952,5.44503590087951,1,2
"3675",-78.8197,35.8652,2020-05-05 14:00:00,0.292127377987365,2.27273433663721,5.25065976989953,1,2
"385",-82.5844,35.6062,2020-05-05 14:00:00,-0.676461807759033,1.94831711056281,4.25354014066842,1,1
"1315",-80.851473,35.281791,2020-05-05 14:00:00,4.49692669222497,1.86550177781132,23.7024465582626,0,1
"2025",-80.342,36.026,2020-05-05 14:00:00,-0.30224151247773,1.76734906373667,3.21487264495569,1,1
"3676",-78.8197,35.8652,2020-05-05 14:00:00,0.540023231932247,1.876671883295,3.81352244857657,1,1
"39",-82.5844,35.6062,2020-05-05 15:00:00,-5.56431208980212,1.81817760151549,34.2673388233706,0,1000
"132",-80.851473,35.281791,2020-05-05 15:00:00,0.407523900137717,1.67346313185106,2.96655458284823,1,1000
"203",-80.342,36.026,2020-05-05 15:00:00,-0.0646172115701433,1.73538395790506,3.01573286538533,1,1000
"3681",-78.8197,35.8652,2020-05-05 15:00:00,2.1099853397855,2.03123956880029,8.57797231996974,1,1000
"391",-82.5844,35.6062,2020-05-05 15:00:00,-5.24765269175789,2.37946134681837,33.1996950743166,0,5
"1321",-80.851473,35.281791,2020-05-05 15:00:00,-0.233678030808079,2.08484474626522,4.40118303811201,1,5
"2031",-80.342,36.026,2020-05-05 15:00:00,-0.219025879035304,2.18815144329283,4.83597907447166,1,5
"3682",-78.8197,35.8652,2020-05-05 15:00:00,1.54973208683671,2.46598905519532,8.48277156131438,1,5
"392",-82.5844,35.6062,2020-05-05 15:00:00,-5.33895258912545,2.26206983767034,33.6213746994273,0,4
"1322",-80.851473,35.281791,2020-05-05 15:00:00,-0.217849597505936,2.13776178764071,4.6174839078303,1,4
"2032",-80.342,36.026,2020-05-05 15:00:00,-0.223558725478565,2.24355052912012,5.08349748045275,1,4
"3683",-78.8197,35.8652,2020-05-05 15:00:00,1.54856738429531,2.48421222271906,8.56937131120997,1,4
"393",-82.5844,35.6062,2020-05-05 15:00:00,-5.44184436727615,3.41662614918821,41.2870043609719,1,3
"1323",-80.851473,35.281791,2020-05-05 15:00:00,-0.616121858133624,3.06526163328573,9.77543502456351,1,3
"2033",-80.342,36.026,2020-05-05 15:00:00,-0.870268850763723,3.28511834713273,11.5493704272777,1,3
"3684",-78.8197,35.8652,2020-05-05 15:00:00,0.666278943998219,3.65472500319537,13.8009424801968,1,3
"394",-82.5844,35.6062,2020-05-05 15:00:00,-5.44027527122706,1.73117551161233,32.5935636787308,0,2
"1324",-80.851473,35.281791,2020-05-05 15:00:00,0.530740195472081,1.51958643338904,2.59082808362978,1,2
"2034",-80.342,36.026,2020-05-05 15:00:00,-0.454773768949265,1.76382676244352,3.31790402883632,1,2
"3685",-78.8197,35.8652,2020-05-05 15:00:00,0.791617006843344,1.83801895403189,4.0049711609041,1,2
"395",-82.5844,35.6062,2020-05-05 15:00:00,-5.46532532854301,1.82004275098288,33.1823365622191,0,1
"1325",-80.851473,35.281791,2020-05-05 15:00:00,1.04848192844201,1.47273602861123,3.26826576423904,1,1
"2035",-80.342,36.026,2020-05-05 15:00:00,0.45806629325027,1.55440253762557,2.62599197798885,1,1
"3686",-78.8197,35.8652,2020-05-05 15:00:00,0.876999722577787,1.4911229661761,2.99257621365932,1,1
"40",-82.5844,35.6062,2020-05-05 16:00:00,-1.98711804790213,2.44458459824745,9.92463199428701,1,1000
"133",-80.851473,35.281791,2020-05-05 16:00:00,4.71883830063972,2.27918039745836,27.4620981917428,0,1000
"204",-80.342,36.026,2020-05-05 16:00:00,-1.19352525164141,2.33033064851078,6.85494345769437,1,1000
"3691",-78.8197,35.8652,2020-05-05 16:00:00,1.19944552019584,2.53348475932039,7.85721458162653,1,1000
"401",-82.5844,35.6062,2020-05-05 16:00:00,-1.89978933959131,2.43552326087058,9.54097308906646,1,5
"1331",-80.851473,35.281791,2020-05-05 16:00:00,4.69801738132887,2.39385889209839,27.8019277105467,0,5
"2041",-80.342,36.026,2020-05-05 16:00:00,-1.18459118651321,2.31210731647189,6.74909652204764,1,5
"3692",-78.8197,35.8652,2020-05-05 16:00:00,1.16223728295577,2.52801613024655,7.74166105667914,1,5
"402",-82.5844,35.6062,2020-05-05 16:00:00,-1.86391373116036,2.46360975827138,9.54354743825811,1,4
"1332",-80.851473,35.281791,2020-05-05 16:00:00,4.71804164333775,2.29012838593674,27.5046049723424,0,4
"2042",-80.342,36.026,2020-05-05 16:00:00,-1.05965525083441,2.3544360695356,6.66623845615118,1,4
"3693",-78.8197,35.8652,2020-05-05 16:00:00,1.11445822788354,2.46624200605486,7.32436677412684,1,4
"403",-82.5844,35.6062,2020-05-05 16:00:00,-1.4298890685525,2.80712233949385,9.92451857725134,1,3
"1333",-80.851473,35.281791,2020-05-05 16:00:00,4.8801533036445,2.52609404778078,30.1970474053058,1,3
"2043",-80.342,36.026,2020-05-05 16:00:00,-1.31418658821038,2.60012379059748,8.48773011506306,1,3
"3694",-78.8197,35.8652,2020-05-05 16:00:00,0.747647465458325,2.77154590689411,8.24044344662777,1,3
"404",-82.5844,35.6062,2020-05-05 16:00:00,-1.29226497388427,1.95387211138138,5.48756499036206,1,2
"1334",-80.851473,35.281791,2020-05-05 16:00:00,5.35778066952133,1.82330460124178,32.0302533716058,0,2
"2044",-80.342,36.026,2020-05-05 16:00:00,-1.12808750443294,1.73693060185154,4.2895093333061,1,2
"3695",-78.8197,35.8652,2020-05-05 16:00:00,0.712739909689661,1.88465277224738,4.05991425080414,1,2
"405",-82.5844,35.6062,2020-05-05 16:00:00,-1.33061706736581,2.2463726241765,6.81673174661482,1,1
"1335",-80.851473,35.281791,2020-05-05 16:00:00,7.40253286325831,1.74581667477949,57.8453686535575,0,1
"2045",-80.342,36.026,2020-05-05 16:00:00,-0.767029249275082,1.79384814763545,3.80622504601862,1,1
"3696",-78.8197,35.8652,2020-05-05 16:00:00,-0.157981330468382,1.94142581709245,3.79409230404966,1,1
"41",-82.5844,35.6062,2020-05-05 17:00:00,2.47419339865198,2.81327783105613,14.0361651286449,1,1000
"134",-80.851473,35.281791,2020-05-05 17:00:00,-1.7520904327507,2.65683426612079,10.1285892021702,1,1000
"205",-80.342,36.026,2020-05-05 17:00:00,-0.078579651676824,2.55420261650366,6.53012576781178,1,1000
"370",-78.8197,35.8652,2020-05-05 17:00:00,-2.62158143839817,2.77734590890782,14.5863395358808,1,1000
"411",-82.5844,35.6062,2020-05-05 17:00:00,2.37595847405555,2.79498529600952,13.4571214753458,1,5
"1341",-80.851473,35.281791,2020-05-05 17:00:00,-1.83259583851715,2.70287832002151,10.6639587201927,1,5
"2051",-80.342,36.026,2020-05-05 17:00:00,-0.0969882728334346,2.66187376359368,7.09497865837561,1,5
"3701",-78.8197,35.8652,2020-05-05 17:00:00,-2.68189213497569,2.86801949006163,15.4180812190179,1,5
"412",-82.5844,35.6062,2020-05-05 17:00:00,2.26118400521074,2.83020630930665,13.12302085866,1,4
"1342",-80.851473,35.281791,2020-05-05 17:00:00,-1.79318755954982,2.70382760976499,10.5262053670517,1,4
"2052",-80.342,36.026,2020-05-05 17:00:00,-0.0369060471745692,2.5465362096459,6.48620872335576,1,4
"3702",-78.8197,35.8652,2020-05-05 17:00:00,-2.71872919142686,2.7858994595594,15.1527242150899,1,4
"413",-82.5844,35.6062,2020-05-05 17:00:00,2.10194190493931,2.69833160354286,11.6991532144181,1,3
"1343",-80.851473,35.281791,2020-05-05 17:00:00,-1.972368976037,2.61844855233211,10.7465121988434,1,3
"2053",-80.342,36.026,2020-05-05 17:00:00,-0.0109805090436979,2.57897359978403,6.65122539996184,1,3
"3703",-78.8197,35.8652,2020-05-05 17:00:00,-2.70101407763431,2.69993651610459,14.5851342385737,1,3
"414",-82.5844,35.6062,2020-05-05 17:00:00,2.11041672243554,2.6127523380387,11.2803335222622,1,2
"1344",-80.851473,35.281791,2020-05-05 17:00:00,-2.07531381672279,2.60643402533761,11.1004257663181,1,2
"2054",-80.342,36.026,2020-05-05 17:00:00,-0.0856756819129485,2.57323448659108,6.6288760454529,1,2
"3704",-78.8197,35.8652,2020-05-05 17:00:00,-2.6974211910828,2.71253885043509,14.6339480972223,1,2
"415",-82.5844,35.6062,2020-05-05 17:00:00,2.78500203300965,1.45958507990418,9.8866249293468,1,1
"1345",-80.851473,35.281791,2020-05-05 17:00:00,0.614848862757843,1.55685401792835,2.80183355717427,1,1
"2055",-80.342,36.026,2020-05-05 17:00:00,-0.0160613139476053,1.29656135084114,1.68132930230073,1,1
"3705",-78.8197,35.8652,2020-05-05 17:00:00,-2.63155588143866,1.46303959736376,9.0655712205887,1,1
"42",-82.5844,35.6062,2020-05-05 18:00:00,2.83233384213189,2.64205837468435,15.0025874485253,1,1000
"135",-80.851473,35.281791,2020-05-05 18:00:00,1.85268472949862,2.45037876736869,9.43679681048867,1,1000
"206",-80.342,36.026,2020-05-05 18:00:00,1.3692129751681,2.44677486613582,7.86145141692262,1,1000
"3711",-78.8197,35.8652,2020-05-05 18:00:00,-0.137367151405864,2.64055568046141,6.9914040359024,1,1000
"421",-82.5844,35.6062,2020-05-05 18:00:00,3.01987353002004,2.61280252971257,15.9463731965881,1,5
"1351",-80.851473,35.281791,2020-05-05 18:00:00,1.89785640998656,2.49355998871528,9.81970037024882,1,5
"2061",-80.342,36.026,2020-05-05 18:00:00,1.35762778540558,2.41827450277045,7.69120477445492,1,5
"3712",-78.8197,35.8652,2020-05-05 18:00:00,-0.0737537582304126,2.57769139925264,6.64993256663413,1,5
"422",-82.5844,35.6062,2020-05-05 18:00:00,3.04140819410328,2.66155377244955,16.334032286799,1,4
"1352",-80.851473,35.281791,2020-05-05 18:00:00,1.82405445791528,2.42890359317517,9.22674733037985,1,4
"2062",-80.342,36.026,2020-05-05 18:00:00,1.32987694860084,2.50141503939486,8.02564989773065,1,4
"3713",-78.8197,35.8652,2020-05-05 18:00:00,-0.222920968524153,2.65888901279223,7.11938454055497,1,4
"423",-82.5844,35.6062,2020-05-05 18:00:00,3.08889203673988,2.59169317029808,16.2581275036048,1,3
"1353",-80.851473,35.281791,2020-05-05 18:00:00,1.74709375182072,2.42396124960072,8.92792471721688,1,3
"2063",-80.342,36.026,2020-05-05 18:00:00,1.38662642080109,2.42638742066558,7.81008874602782,1,3
"3714",-78.8197,35.8652,2020-05-05 18:00:00,-0.25079827372084,2.4814029029337,6.22026014078917,1,3
"424",-82.5844,35.6062,2020-05-05 18:00:00,2.98140546319932,2.56180354747516,15.451615951851,1,2
"1354",-80.851473,35.281791,2020-05-05 18:00:00,1.4574535185875,2.46036440288884,8.17756375384566,1,2
"2064",-80.342,36.026,2020-05-05 18:00:00,1.37433687844608,2.46943545101562,7.98691330218964,1,2
"3715",-78.8197,35.8652,2020-05-05 18:00:00,-0.137063338047869,2.57178329410166,6.6328556704572,1,2
"425",-82.5844,35.6062,2020-05-05 18:00:00,4.37083980753423,1.76854933411129,22.2320073703113,0,1
"1355",-80.851473,35.281791,2020-05-05 18:00:00,3.30777339829768,2.15367221972488,15.5796688845005,1,1
"2065",-80.342,36.026,2020-05-05 18:00:00,-0.645645271745981,1.74436968797495,3.45968342525377,1,1
"3716",-78.8197,35.8652,2020-05-05 18:00:00,-0.603506580052296,1.78986305840693,3.56782996001622,1,1
"43",-82.5844,35.6062,2020-05-05 19:00:00,-2.42572894910943,2.59186485362588,12.6019243540086,1,1000
"136",-80.851473,35.281791,2020-05-05 19:00:00,-5.48785434678101,2.35819369851255,35.6776228511875,0,1000
"207",-80.342,36.026,2020-05-05 19:00:00,0.000643540954229138,2.55736657806998,6.54012422877432,1,1000
"3721",-78.8197,35.8652,2020-05-05 19:00:00,5.95403215870345,2.5882218291981,42.1493911840124,0,1000
"431",-82.5844,35.6062,2020-05-05 19:00:00,-2.38468487170682,2.65163233802192,12.717875993391,1,5
"1361",-80.851473,35.281791,2020-05-05 19:00:00,-5.40132221875737,2.37451826959049,34.812618723461,0,5
"2071",-80.342,36.026,2020-05-05 19:00:00,0.0596964260440052,2.49498572189783,6.22851741575647,1,5
"3722",-78.8197,35.8652,2020-05-05 19:00:00,5.77734532282637,2.53944786939717,39.8265144605696,0,5
"432",-82.5844,35.6062,2020-05-05 19:00:00,-2.50754071387669,2.61573614324903,13.1298360028485,1,4
"1362",-80.851473,35.281791,2020-05-05 19:00:00,-5.48467836747404,2.44584371796736,36.0638482873581,0,4
"2072",-80.342,36.026,2020-05-05 19:00:00,-0.0411066871317374,2.49502390979141,6.22683407015776,1,4
"3723",-78.8197,35.8652,2020-05-05 19:00:00,5.79481415158875,2.55735300767431,40.1199254573141,0,4
"433",-82.5844,35.6062,2020-05-05 19:00:00,-3.14040883929426,2.53344200812402,16.280496086445,1,3
"1363",-80.851473,35.281791,2020-05-05 19:00:00,-6.03747281647133,2.31846841097108,41.826373782301,0,3
"2073",-80.342,36.026,2020-05-05 19:00:00,0.0678351861871613,2.46885308376893,6.09983716172042,1,3
"3724",-78.8197,35.8652,2020-05-05 19:00:00,6.31571210311601,2.48264750496559,46.0517580033579,0,3
"434",-82.5844,35.6062,2020-05-05 19:00:00,-3.33392744689744,2.51286427768305,17.4295590992316,1,2
"1364",-80.851473,35.281791,2020-05-05 19:00:00,-6.57334291803482,2.46997032377925,49.3095905184287,0,2
"2074",-80.342,36.026,2020-05-05 19:00:00,0.0831576739647906,2.51562863323508,6.33530261909141,1,2
"3725",-78.8197,35.8652,2020-05-05 19:00:00,6.15486769402847,2.57733890414133,44.5250721577958,0,2
"435",-82.5844,35.6062,2020-05-05 19:00:00,-0.319339442697194,2.70443656726625,7.41595482602899,1,1
"1365",-80.851473,35.281791,2020-05-05 19:00:00,-2.89264708172299,2.97703682168509,17.2301553770695,1,1
"2075",-80.342,36.026,2020-05-05 19:00:00,-0.638846474904978,2.51029528179948,6.70970722032326,1,1
"3726",-78.8197,35.8652,2020-05-05 19:00:00,5.03364971518874,2.7334193606069,32.8092108561604,1,1
"44",-82.5844,35.6062,2020-05-05 20:00:00,3.38491346677874,2.65205074089683,18.4910123098715,1,1000
"137",-80.851473,35.281791,2020-05-05 20:00:00,9.51671224311777,2.53630889562569,97.0006747323377,0,1000
"208",-80.342,36.026,2020-05-05 20:00:00,0.917695541352328,2.66658489074967,7.95284008619235,1,1000
"3731",-78.8197,35.8652,2020-05-05 20:00:00,1.36061673841989,2.71211902376156,9.20686750791775,1,1000
"441",-82.5844,35.6062,2020-05-05 20:00:00,3.28953318999626,2.63617427591445,17.77044342108,1,5
"1371",-80.851473,35.281791,2020-05-05 20:00:00,9.61230351021934,2.56232463558779,98.9618863107152,0,5
"2081",-80.342,36.026,2020-05-05 20:00:00,0.875459880353489,2.51927756935979,7.11318947358792,1,5
"3732",-78.8197,35.8652,2020-05-05 20:00:00,1.20415153023133,2.72045775871222,8.85087132469595,1,5
"442",-82.5844,35.6062,2020-05-05 20:00:00,3.27303907473451,2.6856200610289,17.9253398969398,1,4
"1372",-80.851473,35.281791,2020-05-05 20:00:00,9.57722205228183,2.57714389450861,98.3648528917163,0,4
"2082",-80.342,36.026,2020-05-05 20:00:00,0.881802130324457,2.46498588462177,6.85373040842932,1,4
"3733",-78.8197,35.8652,2020-05-05 20:00:00,1.26859498918217,2.61680236046549,8.45698784031588,1,4
"443",-82.5844,35.6062,2020-05-05 20:00:00,2.87882955141095,2.64470861321054,15.282143234867,1,3
"1373",-80.851473,35.281791,2020-05-05 20:00:00,9.15685977048003,2.52186471961425,90.2078825202706,0,3
"2083",-80.342,36.026,2020-05-05 20:00:00,0.95905397338621,2.51720068785889,7.25608382682513,1,3
"3734",-78.8197,35.8652,2020-05-05 20:00:00,1.42250694240719,2.6719631115201,9.16291287052082,1,3
"444",-82.5844,35.6062,2020-05-05 20:00:00,3.00951044404095,2.57907477248054,15.7087797948372,1,2
"1374",-80.851473,35.281791,2020-05-05 20:00:00,8.89547846770961,2.50695426252527,85.4143568438789,0,2
"2084",-80.342,36.026,2020-05-05 20:00:00,0.946397345835682,2.5297877282446,7.29549388618182,1,2
"3735",-78.8197,35.8652,2020-05-05 20:00:00,1.48040493238142,2.61919775673439,9.05179565270169,1,2
"445",-82.5844,35.6062,2020-05-05 20:00:00,3.08635809722327,1.89811441034845,13.1284446190681,1,1
"1375",-80.851473,35.281791,2020-05-05 20:00:00,10.9673825618526,1.60236250310253,122.851045849377,0,1
"2085",-80.342,36.026,2020-05-05 20:00:00,0.218453417180728,1.57990157700426,2.54381088849847,1,1
"3736",-78.8197,35.8652,2020-05-05 20:00:00,1.29246790694519,1.70575030764156,4.58005740250256,1,1
"45",-82.5844,35.6062,2020-05-05 21:00:00,-7.06739283164067,2.86320552594921,58.145987320552,0,1000
"138",-80.851473,35.281791,2020-05-05 21:00:00,0.931349114552647,2.61596540566141,7.71068617679525,1,1000
"209",-80.342,36.026,2020-05-05 21:00:00,-1.571869205649,2.61462643457735,9.30704419205831,1,1000
"3741",-78.8197,35.8652,2020-05-05 21:00:00,0.913970763156025,2.69905700663973,8.12025128099504,1,1000
"451",-82.5844,35.6062,2020-05-05 21:00:00,-7.021452650209,2.70006232189621,56.5911338612506,0,5
"1381",-80.851473,35.281791,2020-05-05 21:00:00,0.889527396411955,2.50874743426352,7.08507267789124,1,5
"2091",-80.342,36.026,2020-05-05 21:00:00,-1.27500054295499,2.58611020731268,8.31359238890234,1,5
"3742",-78.8197,35.8652,2020-05-05 21:00:00,0.899368086159436,2.77960044402463,8.53504158282398,1,5
"452",-82.5844,35.6062,2020-05-05 21:00:00,-7.02477695800285,2.76431843066592,56.9889476958071,0,4
"1382",-80.851473,35.281791,2020-05-05 21:00:00,0.919653208412596,2.71741381191824,8.23009984894762,1,4
"2092",-80.342,36.026,2020-05-05 21:00:00,-1.49110062074362,2.62756463389141,9.1274769664589,1,4
"3743",-78.8197,35.8652,2020-05-05 21:00:00,1.08018838734793,2.81491224209089,9.09053788283447,1,4
"453",-82.5844,35.6062,2020-05-05 21:00:00,-7.36990701739054,2.70554481691956,61.6355022013426,0,3
"1383",-80.851473,35.281791,2020-05-05 21:00:00,0.818217768071079,2.6139877423024,7.50241223289442,1,3
"2093",-80.342,36.026,2020-05-05 21:00:00,-1.46461368062143,2.6532567204123,9.18486445787648,1,3
"3744",-78.8197,35.8652,2020-05-05 21:00:00,1.14000025904628,2.7635523525829,8.93682219609206,1,3
"454",-82.5844,35.6062,2020-05-05 21:00:00,-7.78487058053599,2.70268558309892,67.9087193167855,0,2
"1384",-80.851473,35.281791,2020-05-05 21:00:00,0.101024554990598,2.59791435624633,6.75936496310182,1,2
"2094",-80.342,36.026,2020-05-05 21:00:00,-1.43941638571844,2.51209330110204,8.38253228491648,1,2
"3745",-78.8197,35.8652,2020-05-05 21:00:00,1.54188461181528,2.66215505737494,9.46447770565973,1,2
"455",-82.5844,35.6062,2020-05-05 21:00:00,-5.11626086063747,2.88171046938319,34.4803804234435,1,1
"1385",-80.851473,35.281791,2020-05-05 21:00:00,4.0906561446201,3.03876556900261,25.9675638768739,1,1
"2095",-80.342,36.026,2020-05-05 21:00:00,-0.780782209061695,2.53453316586654,7.03347922686471,1,1
"3746",-78.8197,35.8652,2020-05-05 21:00:00,-1.36312316084242,2.9481075984967,10.549443163939,1,1
"46",-82.5844,35.6062,2020-05-05 22:00:00,-2.09193522876194,2.84763457744285,12.4852156879834,1,1000
"139",-80.851473,35.281791,2020-05-05 22:00:00,-1.02862295267919,2.51260545915284,7.3712513721431,1,1000
"210",-80.342,36.026,2020-05-05 22:00:00,-1.56532601448006,2.63898000199601,9.41446098254287,1,1000
"3751",-78.8197,35.8652,2020-05-05 22:00:00,7.07230173749016,2.75205669138487,57.5912678987025,0,1000
"461",-82.5844,35.6062,2020-05-05 22:00:00,-2.17912640337801,2.73670002925011,12.2381189319967,1,5
"1391",-80.851473,35.281791,2020-05-05 22:00:00,-0.920165231753737,2.53838974167955,7.29012653439236,1,5
"2101",-80.342,36.026,2020-05-05 22:00:00,-1.62116121377569,2.57862335061969,9.27746206541177,1,5
"3752",-78.8197,35.8652,2020-05-05 22:00:00,7.00437839814939,2.87897586842594,57.3498187954406,0,5
"462",-82.5844,35.6062,2020-05-05 22:00:00,-2.19478675031322,2.80074682993369,12.6612716847341,1,4
"1392",-80.851473,35.281791,2020-05-05 22:00:00,-0.913780051405265,2.56848606953558,7.43211467174455,1,4
"2102",-80.342,36.026,2020-05-05 22:00:00,-1.66405644252466,2.60062243617381,9.53232089943844,1,4
"3753",-78.8197,35.8652,2020-05-05 22:00:00,6.89578227867068,2.77924830746201,55.276034389359,0,4
"463",-82.5844,35.6062,2020-05-05 22:00:00,-2.53707471630961,2.90475724170666,14.8743627493848,1,3
"1393",-80.851473,35.281791,2020-05-05 22:00:00,-0.995949620592215,2.63646184322277,7.94284669752739,1,3
"2103",-80.342,36.026,2020-05-05 22:00:00,-1.79990270042128,2.47424099511392,9.36151823288612,1,3
"3754",-78.8197,35.8652,2020-05-05 22:00:00,7.11161895029561,2.69456090022188,57.8357825392082,0,3
"464",-82.5844,35.6062,2020-05-05 22:00:00,-2.322588525336,2.94719140266393,14.0803546219586,1,2
"1394",-80.851473,35.281791,2020-05-05 22:00:00,0.796907499320211,2.47519107739643,6.7616324320957,1,2
"2104",-80.342,36.026,2020-05-05 22:00:00,-1.55708297925526,2.45589650752672,8.45593505996837,1,2
"3755",-78.8197,35.8652,2020-05-05 22:00:00,7.36231564591863,2.53473891158478,60.6285930200403,0,2
"465",-82.5844,35.6062,2020-05-05 22:00:00,-0.304977331550536,1.64266659035201,2.7913646998184,1,1
"1395",-80.851473,35.281791,2020-05-05 22:00:00,1.96410699810245,1.55980890742027,6.29072012766262,1,1
"2105",-80.342,36.026,2020-05-05 22:00:00,-2.24790762950845,1.6246872286752,7.69269730182262,1,1
"3756",-78.8197,35.8652,2020-05-05 22:00:00,5.48726203437077,1.69136772220817,32.9707694055745,0,1
"47",-82.5844,35.6062,2020-05-05 23:00:00,-6.37783340186585,1.44434457878012,42.7628901642072,0,1000
"140",-80.851473,35.281791,2020-05-05 23:00:00,-2.42151634065997,1.39207985445776,7.80162770927041,1,1000
"211",-80.342,36.026,2020-05-05 23:00:00,-0.818620404756498,1.35529830213692,2.50697285485891,1,1000
"376",-78.8197,35.8652,2020-05-05 23:00:00,-0.630872114425366,1.43194239280709,2.44845864107762,1,1000
"471",-82.5844,35.6062,2020-05-05 23:00:00,-6.41840621349575,1.4840516553458,43.3983476371755,0,5
"1401",-80.851473,35.281791,2020-05-05 23:00:00,-2.40413179033321,1.39320953764068,7.72088248106374,1,5
"2111",-80.342,36.026,2020-05-05 23:00:00,-0.749790428906598,1.34220118002328,2.36368969493584,1,5
"3761",-78.8197,35.8652,2020-05-05 23:00:00,-0.65278897726836,1.47378676551373,2.59818087904648,1,5
"472",-82.5844,35.6062,2020-05-05 23:00:00,-5.81919965734538,1.35794823115688,35.7071080505507,0,4
"1402",-80.851473,35.281791,2020-05-05 23:00:00,-2.43566301840576,1.33224535514282,7.70733202552905,1,4
"2112",-80.342,36.026,2020-05-05 23:00:00,-1.08368316206845,1.27203435251327,2.79244058972452,1,4
"3762",-78.8197,35.8652,2020-05-05 23:00:00,-0.781810969681615,1.34639654577104,2.4240120507787,1,4
"473",-82.5844,35.6062,2020-05-05 23:00:00,-6.31958418478464,1.44874130987407,42.0359956515158,0,3
"1403",-80.851473,35.281791,2020-05-05 23:00:00,-2.47756344509104,1.32740710840515,7.90033025589593,1,3
"2113",-80.342,36.026,2020-05-05 23:00:00,-1.1883604136785,1.34065779671428,3.20956380068892,1,3
"3763",-78.8197,35.8652,2020-05-05 23:00:00,-0.54770669184304,1.34415205086398,2.1067273561315,1,3
"474",-82.5844,35.6062,2020-05-05 23:00:00,-5.63137048930237,1.47693185504802,33.8936612922412,0,2
"1404",-80.851473,35.281791,2020-05-05 23:00:00,-1.57678197751466,1.43150190637977,4.53543911258397,1,2
"2114",-80.342,36.026,2020-05-05 23:00:00,-0.922235952100001,1.36302370561965,2.70835277342691,1,2
"3764",-78.8197,35.8652,2020-05-05 23:00:00,-0.448810646467326,1.43363686165841,2.25674564748819,1,2
"475",-82.5844,35.6062,2020-05-05 23:00:00,-3.36333975534606,1.55726384097545,13.7371249803009,0,1
"1405",-80.851473,35.281791,2020-05-05 23:00:00,0.876958571738621,1.64284742330907,3.46800399281911,1,1
"2115",-80.342,36.026,2020-05-05 23:00:00,-1.53037317530747,1.50759855683519,4.61489546427219,1,1
"3765",-78.8197,35.8652,2020-05-05 23:00:00,-1.49212402937572,1.47023778630884,4.38803326733076,1,1
